areaCode,areaName,areaType,date,cumDailyNsoDeathsByDeathDate,cumOnsDeathsByRegistrationDate,cumPillarFourTestsByPublishDate
K02000001,United Kingdom,overview,2023-03-27,,,18431230
K02000001,United Kingdom,overview,2023-03-26,,,18429305
K02000001,United Kingdom,overview,2023-03-25,,,18429305
K02000001,United Kingdom,overview,2023-03-24,,,18429305
K02000001,United Kingdom,overview,2023-03-23,,,18427403
K02000001,United Kingdom,overview,2023-03-22,,,18425585
K02000001,United Kingdom,overview,2023-03-21,,,18423782
K02000001,United Kingdom,overview,2023-03-20,,,18421597
K02000001,United Kingdom,overview,2023-03-19,,,18419158
K02000001,United Kingdom,overview,2023-03-18,,,18419158
K02000001,United Kingdom,overview,2023-03-17,,219466,18417807
K02000001,United Kingdom,overview,2023-03-16,,,18415895
K02000001,United Kingdom,overview,2023-03-15,,,18410693
K02000001,United Kingdom,overview,2023-03-14,,,18408420
K02000001,United Kingdom,overview,2023-03-13,,,18403815
K02000001,United Kingdom,overview,2023-03-12,,,18393645
K02000001,United Kingdom,overview,2023-03-11,,,18390539
K02000001,United Kingdom,overview,2023-03-10,,218847,18390482
K02000001,United Kingdom,overview,2023-03-09,,,18378063
K02000001,United Kingdom,overview,2023-03-08,,,18363774
K02000001,United Kingdom,overview,2023-03-07,,,18355748
K02000001,United Kingdom,overview,2023-03-06,,,18347830
K02000001,United Kingdom,overview,2023-03-05,,,18333331
K02000001,United Kingdom,overview,2023-03-04,,,18319276
K02000001,United Kingdom,overview,2023-03-03,221591,218242,18310429
K02000001,United Kingdom,overview,2023-03-02,221516,,18291018
K02000001,United Kingdom,overview,2023-03-01,221416,,18273775
K02000001,United Kingdom,overview,2023-02-28,221336,,18256407
K02000001,United Kingdom,overview,2023-02-27,221268,,18242019
K02000001,United Kingdom,overview,2023-02-26,221193,,18223426
K02000001,United Kingdom,overview,2023-02-25,221110,,18206715
K02000001,United Kingdom,overview,2023-02-24,221039,217678,18198077
K02000001,United Kingdom,overview,2023-02-23,220961,,18180754
K02000001,United Kingdom,overview,2023-02-22,220889,,18165390
K02000001,United Kingdom,overview,2023-02-21,220809,,18147675
K02000001,United Kingdom,overview,2023-02-20,220752,,18132162
K02000001,United Kingdom,overview,2023-02-19,220678,,18112549
K02000001,United Kingdom,overview,2023-02-18,220619,,18112549
K02000001,United Kingdom,overview,2023-02-17,220542,217202,18087764
K02000001,United Kingdom,overview,2023-02-16,220460,,18066957
K02000001,United Kingdom,overview,2023-02-15,220389,,18051671
K02000001,United Kingdom,overview,2023-02-14,220322,,18036032
K02000001,United Kingdom,overview,2023-02-13,220248,,18017680
K02000001,United Kingdom,overview,2023-02-12,220197,,17998389
K02000001,United Kingdom,overview,2023-02-11,220132,,17998389
K02000001,United Kingdom,overview,2023-02-10,220074,216726,17978448
K02000001,United Kingdom,overview,2023-02-09,220004,,17960256
K02000001,United Kingdom,overview,2023-02-08,219942,,17947221
K02000001,United Kingdom,overview,2023-02-07,219873,,17931379
K02000001,United Kingdom,overview,2023-02-06,219806,,17915242
K02000001,United Kingdom,overview,2023-02-05,219752,,17892396
K02000001,United Kingdom,overview,2023-02-04,219680,,17892396
K02000001,United Kingdom,overview,2023-02-03,219618,216231,17873752
K02000001,United Kingdom,overview,2023-02-02,219549,,17859649
K02000001,United Kingdom,overview,2023-02-01,219476,,17841133
K02000001,United Kingdom,overview,2023-01-31,219410,,17827348
K02000001,United Kingdom,overview,2023-01-30,219350,,17801834
K02000001,United Kingdom,overview,2023-01-29,219292,,17790627
K02000001,United Kingdom,overview,2023-01-28,219217,,17790627
K02000001,United Kingdom,overview,2023-01-27,219144,215691,17766293
K02000001,United Kingdom,overview,2023-01-26,219068,,17748144
K02000001,United Kingdom,overview,2023-01-25,218998,,17733873
K02000001,United Kingdom,overview,2023-01-24,218932,,17716753
K02000001,United Kingdom,overview,2023-01-23,218851,,17699393
K02000001,United Kingdom,overview,2023-01-22,218774,,17686656
K02000001,United Kingdom,overview,2023-01-21,218701,,17686656
K02000001,United Kingdom,overview,2023-01-20,218629,215031,17661859
K02000001,United Kingdom,overview,2023-01-19,218549,,17640797
K02000001,United Kingdom,overview,2023-01-18,218467,,17622913
K02000001,United Kingdom,overview,2023-01-17,218376,,17604987
K02000001,United Kingdom,overview,2023-01-16,218285,,17586182
K02000001,United Kingdom,overview,2023-01-15,218179,,17566345
K02000001,United Kingdom,overview,2023-01-14,218067,,17566345
K02000001,United Kingdom,overview,2023-01-13,217967,214149,17542938
K02000001,United Kingdom,overview,2023-01-12,217864,,17528205
K02000001,United Kingdom,overview,2023-01-11,217746,,17509214
K02000001,United Kingdom,overview,2023-01-10,217653,,17487606
K02000001,United Kingdom,overview,2023-01-09,217542,,17465761
K02000001,United Kingdom,overview,2023-01-08,217410,,17446457
K02000001,United Kingdom,overview,2023-01-07,217292,,17446457
K02000001,United Kingdom,overview,2023-01-06,217173,213089,17421202
K02000001,United Kingdom,overview,2023-01-05,217060,,17402215
K02000001,United Kingdom,overview,2023-01-04,216916,,17380289
K02000001,United Kingdom,overview,2023-01-03,216777,,17369813
K02000001,United Kingdom,overview,2023-01-02,216643,,17354627
K02000001,United Kingdom,overview,2023-01-01,216517,,17342848
K02000001,United Kingdom,overview,2022-12-31,216394,,17342848
K02000001,United Kingdom,overview,2022-12-30,216243,212247,17317536
K02000001,United Kingdom,overview,2022-12-29,216091,,17300530
K02000001,United Kingdom,overview,2022-12-28,215964,,17289177
K02000001,United Kingdom,overview,2022-12-27,215832,,17289177
K02000001,United Kingdom,overview,2022-12-26,215694,,17284583
K02000001,United Kingdom,overview,2022-12-25,215567,,17278100
K02000001,United Kingdom,overview,2022-12-24,215440,,17278100
K02000001,United Kingdom,overview,2022-12-23,215297,211787,17249163
K02000001,United Kingdom,overview,2022-12-22,215183,,17230422
K02000001,United Kingdom,overview,2022-12-21,215071,,17214330
K02000001,United Kingdom,overview,2022-12-20,214964,,17194424
K02000001,United Kingdom,overview,2022-12-19,214855,,17174419
K02000001,United Kingdom,overview,2022-12-18,214743,,17158634
K02000001,United Kingdom,overview,2022-12-17,214647,,17158634
K02000001,United Kingdom,overview,2022-12-16,214558,211273,17140091
K02000001,United Kingdom,overview,2022-12-15,214471,,17138885
K02000001,United Kingdom,overview,2022-12-14,214412,,17128113
K02000001,United Kingdom,overview,2022-12-13,214318,,17106553
K02000001,United Kingdom,overview,2022-12-12,214252,,17089866
K02000001,United Kingdom,overview,2022-12-11,214185,,17074191
K02000001,United Kingdom,overview,2022-12-10,214115,,17074191
K02000001,United Kingdom,overview,2022-12-09,214048,210838,17054326
K02000001,United Kingdom,overview,2022-12-08,213978,,17039404
K02000001,United Kingdom,overview,2022-12-07,213909,,17026380
K02000001,United Kingdom,overview,2022-12-06,213849,,17017285
K02000001,United Kingdom,overview,2022-12-05,213776,,17000442
K02000001,United Kingdom,overview,2022-12-04,213717,,16982270
K02000001,United Kingdom,overview,2022-12-03,213669,,16982270
K02000001,United Kingdom,overview,2022-12-02,213615,210457,16961426
K02000001,United Kingdom,overview,2022-12-01,213566,,16960931
K02000001,United Kingdom,overview,2022-11-30,213511,,16955684
K02000001,United Kingdom,overview,2022-11-29,213466,,16958823
K02000001,United Kingdom,overview,2022-11-28,213412,,16930360
K02000001,United Kingdom,overview,2022-11-27,213352,,16917584
K02000001,United Kingdom,overview,2022-11-26,213297,,16917584
K02000001,United Kingdom,overview,2022-11-25,213251,210085,16913586
K02000001,United Kingdom,overview,2022-11-24,213208,,16905248
K02000001,United Kingdom,overview,2022-11-23,213158,,16885937
K02000001,United Kingdom,overview,2022-11-22,213100,,16880185
K02000001,United Kingdom,overview,2022-11-21,213044,,16871005
K02000001,United Kingdom,overview,2022-11-20,212991,,16851965
K02000001,United Kingdom,overview,2022-11-19,212931,,16851965
K02000001,United Kingdom,overview,2022-11-18,212875,209685,16839468
K02000001,United Kingdom,overview,2022-11-17,212818,,16825458
K02000001,United Kingdom,overview,2022-11-16,212766,,16804988
K02000001,United Kingdom,overview,2022-11-15,212712,,16792749
K02000001,United Kingdom,overview,2022-11-14,212648,,16777420
K02000001,United Kingdom,overview,2022-11-13,212588,,16761894
K02000001,United Kingdom,overview,2022-11-12,212532,,16761894
K02000001,United Kingdom,overview,2022-11-11,212486,209214,16740780
K02000001,United Kingdom,overview,2022-11-10,212414,,16719595
K02000001,United Kingdom,overview,2022-11-09,212360,,16703542
K02000001,United Kingdom,overview,2022-11-08,212297,,16686665
K02000001,United Kingdom,overview,2022-11-07,212233,,16662194
K02000001,United Kingdom,overview,2022-11-06,212157,,16648323
K02000001,United Kingdom,overview,2022-11-05,212101,,16648323
K02000001,United Kingdom,overview,2022-11-04,212025,208631,16628980
K02000001,United Kingdom,overview,2022-11-03,211930,,16615965
K02000001,United Kingdom,overview,2022-11-02,211846,,16599765
K02000001,United Kingdom,overview,2022-11-01,211769,,16583639
K02000001,United Kingdom,overview,2022-10-31,211684,,16567151
K02000001,United Kingdom,overview,2022-10-30,211601,,16548186
K02000001,United Kingdom,overview,2022-10-29,211504,,16548186
K02000001,United Kingdom,overview,2022-10-28,211408,207923,16528970
K02000001,United Kingdom,overview,2022-10-27,211321,,16512692
K02000001,United Kingdom,overview,2022-10-26,211214,,16502856
K02000001,United Kingdom,overview,2022-10-25,211123,,16498449
K02000001,United Kingdom,overview,2022-10-24,211012,,16480640
K02000001,United Kingdom,overview,2022-10-23,210908,,16461841
K02000001,United Kingdom,overview,2022-10-22,210807,,16461841
K02000001,United Kingdom,overview,2022-10-21,210696,207205,16447177
K02000001,United Kingdom,overview,2022-10-20,210589,,16432279
K02000001,United Kingdom,overview,2022-10-19,210469,,16415265
K02000001,United Kingdom,overview,2022-10-18,210367,,16397827
K02000001,United Kingdom,overview,2022-10-17,210260,,16383297
K02000001,United Kingdom,overview,2022-10-16,210145,,16361631
K02000001,United Kingdom,overview,2022-10-15,210040,,16361631
K02000001,United Kingdom,overview,2022-10-14,209933,206468,16341466
K02000001,United Kingdom,overview,2022-10-13,209820,,16321151
K02000001,United Kingdom,overview,2022-10-12,209710,,16302401
K02000001,United Kingdom,overview,2022-10-11,209585,,16289540
K02000001,United Kingdom,overview,2022-10-10,209479,,16276845
K02000001,United Kingdom,overview,2022-10-09,209387,,16258083
K02000001,United Kingdom,overview,2022-10-08,209289,,16258083
K02000001,United Kingdom,overview,2022-10-07,209198,205843,16239097
K02000001,United Kingdom,overview,2022-10-06,209098,,16224054
K02000001,United Kingdom,overview,2022-10-05,209004,,16207221
K02000001,United Kingdom,overview,2022-10-04,208906,,16194843
K02000001,United Kingdom,overview,2022-10-03,208816,,16183788
K02000001,United Kingdom,overview,2022-10-02,208734,,16173703
K02000001,United Kingdom,overview,2022-10-01,208671,,16173703
K02000001,United Kingdom,overview,2022-09-30,208592,205394,16165238
K02000001,United Kingdom,overview,2022-09-29,208529,,16143986
K02000001,United Kingdom,overview,2022-09-28,208462,,16129257
K02000001,United Kingdom,overview,2022-09-27,208401,,16114334
K02000001,United Kingdom,overview,2022-09-26,208333,,16105191
K02000001,United Kingdom,overview,2022-09-25,208271,,16091723
K02000001,United Kingdom,overview,2022-09-24,208230,,16091723
K02000001,United Kingdom,overview,2022-09-23,208181,205051,16080299
K02000001,United Kingdom,overview,2022-09-22,208127,,16067124
K02000001,United Kingdom,overview,2022-09-21,208077,,16029149
K02000001,United Kingdom,overview,2022-09-20,208040,,16024608
K02000001,United Kingdom,overview,2022-09-19,207991,,15987234
K02000001,United Kingdom,overview,2022-09-18,207942,,16004350
K02000001,United Kingdom,overview,2022-09-17,207902,,16004350
K02000001,United Kingdom,overview,2022-09-16,207862,204777,15996760
K02000001,United Kingdom,overview,2022-09-15,207825,,15985071
K02000001,United Kingdom,overview,2022-09-14,207778,,15968315
K02000001,United Kingdom,overview,2022-09-13,207734,,15947428
K02000001,United Kingdom,overview,2022-09-12,207685,,15910011
K02000001,United Kingdom,overview,2022-09-11,207642,,15936989
K02000001,United Kingdom,overview,2022-09-10,207612,,15923738
K02000001,United Kingdom,overview,2022-09-09,207569,204429,15923738
K02000001,United Kingdom,overview,2022-09-08,207532,,15909865
K02000001,United Kingdom,overview,2022-09-07,207487,,15902350
K02000001,United Kingdom,overview,2022-09-06,207428,,15895101
K02000001,United Kingdom,overview,2022-09-05,207389,,15892115
K02000001,United Kingdom,overview,2022-09-04,207350,,15876688
K02000001,United Kingdom,overview,2022-09-03,207305,,15864750
K02000001,United Kingdom,overview,2022-09-02,207251,204015,15864750
K02000001,United Kingdom,overview,2022-09-01,207204,,15853091
K02000001,United Kingdom,overview,2022-08-31,207161,,15840170
K02000001,United Kingdom,overview,2022-08-30,207087,,15836879
K02000001,United Kingdom,overview,2022-08-29,207044,,15825461
K02000001,United Kingdom,overview,2022-08-28,206990,,15820181
K02000001,United Kingdom,overview,2022-08-27,206929,,15795620
K02000001,United Kingdom,overview,2022-08-26,206872,203665,15795620
K02000001,United Kingdom,overview,2022-08-25,206829,,15785948
K02000001,United Kingdom,overview,2022-08-24,206781,,15774833
K02000001,United Kingdom,overview,2022-08-23,206728,,15765355
K02000001,United Kingdom,overview,2022-08-22,206650,,15753978
K02000001,United Kingdom,overview,2022-08-21,206587,,15748128
K02000001,United Kingdom,overview,2022-08-20,206527,,15748128
K02000001,United Kingdom,overview,2022-08-19,206452,203160,15740595
K02000001,United Kingdom,overview,2022-08-18,206384,,15732061
K02000001,United Kingdom,overview,2022-08-17,206322,,15724678
K02000001,United Kingdom,overview,2022-08-16,206266,,15714579
K02000001,United Kingdom,overview,2022-08-15,206197,,15705723
K02000001,United Kingdom,overview,2022-08-14,206109,,15696765
K02000001,United Kingdom,overview,2022-08-13,206019,,15687348
K02000001,United Kingdom,overview,2022-08-12,205929,202538,15687348
K02000001,United Kingdom,overview,2022-08-11,205825,,15677344
K02000001,United Kingdom,overview,2022-08-10,205725,,15670392
K02000001,United Kingdom,overview,2022-08-09,205650,,15668034
K02000001,United Kingdom,overview,2022-08-08,205560,,15661652
K02000001,United Kingdom,overview,2022-08-07,205463,,15656284
K02000001,United Kingdom,overview,2022-08-06,205363,,15643788
K02000001,United Kingdom,overview,2022-08-05,205297,201863,15643020
K02000001,United Kingdom,overview,2022-08-04,205211,,15638853
K02000001,United Kingdom,overview,2022-08-03,205128,,15623259
K02000001,United Kingdom,overview,2022-08-02,205022,,15616467
K02000001,United Kingdom,overview,2022-08-01,204921,,15602027
K02000001,United Kingdom,overview,2022-07-31,204828,,15598226
K02000001,United Kingdom,overview,2022-07-30,204732,,15587577
K02000001,United Kingdom,overview,2022-07-29,204655,201061,15587577
K02000001,United Kingdom,overview,2022-07-28,204538,,15582153
K02000001,United Kingdom,overview,2022-07-27,204415,,15572475
K02000001,United Kingdom,overview,2022-07-26,204300,,15559407
K02000001,United Kingdom,overview,2022-07-25,204180,,15550447
K02000001,United Kingdom,overview,2022-07-24,204067,,15542269
K02000001,United Kingdom,overview,2022-07-23,203936,,15532593
K02000001,United Kingdom,overview,2022-07-22,203810,200138,15532593
K02000001,United Kingdom,overview,2022-07-21,203693,,15525631
K02000001,United Kingdom,overview,2022-07-20,203567,,15514666
K02000001,United Kingdom,overview,2022-07-19,203377,,15504747
K02000001,United Kingdom,overview,2022-07-18,203157,,15498092
K02000001,United Kingdom,overview,2022-07-17,203031,,15489942
K02000001,United Kingdom,overview,2022-07-16,202873,,15485575
K02000001,United Kingdom,overview,2022-07-15,202758,199274,15485575
K02000001,United Kingdom,overview,2022-07-14,202654,,15482588
K02000001,United Kingdom,overview,2022-07-13,202528,,15474578
K02000001,United Kingdom,overview,2022-07-12,202393,,15467406
K02000001,United Kingdom,overview,2022-07-11,202242,,15458956
K02000001,United Kingdom,overview,2022-07-10,202116,,15448030
K02000001,United Kingdom,overview,2022-07-09,201999,,15439398
K02000001,United Kingdom,overview,2022-07-08,201894,198578,15439398
K02000001,United Kingdom,overview,2022-07-07,201786,,15431934
K02000001,United Kingdom,overview,2022-07-06,201684,,15423539
K02000001,United Kingdom,overview,2022-07-05,201569,,15417403
K02000001,United Kingdom,overview,2022-07-04,201467,,15405756
K02000001,United Kingdom,overview,2022-07-03,201376,,15399389
K02000001,United Kingdom,overview,2022-07-02,201308,,15399389
K02000001,United Kingdom,overview,2022-07-01,201218,198049,15391778
K02000001,United Kingdom,overview,2022-06-30,201140,,15385666
K02000001,United Kingdom,overview,2022-06-29,201064,,15374957
K02000001,United Kingdom,overview,2022-06-28,200980,,15366556
K02000001,United Kingdom,overview,2022-06-27,200908,,15359324
K02000001,United Kingdom,overview,2022-06-26,200844,,15353945
K02000001,United Kingdom,overview,2022-06-25,200776,,15345903
K02000001,United Kingdom,overview,2022-06-24,200705,197636,15337727
K02000001,United Kingdom,overview,2022-06-23,200658,,15327940
K02000001,United Kingdom,overview,2022-06-22,200596,,15319027
K02000001,United Kingdom,overview,2022-06-21,200523,,15308947
K02000001,United Kingdom,overview,2022-06-20,200465,,15302753
K02000001,United Kingdom,overview,2022-06-19,200417,,15297119
K02000001,United Kingdom,overview,2022-06-18,200372,,15289291
K02000001,United Kingdom,overview,2022-06-17,200328,197289,15281893
K02000001,United Kingdom,overview,2022-06-16,200284,,15271516
K02000001,United Kingdom,overview,2022-06-15,200228,,15260743
K02000001,United Kingdom,overview,2022-06-14,200183,,15248415
K02000001,United Kingdom,overview,2022-06-13,200148,,15241877
K02000001,United Kingdom,overview,2022-06-12,200108,,15232553
K02000001,United Kingdom,overview,2022-06-11,200065,,15224312
K02000001,United Kingdom,overview,2022-06-10,200032,196980,15215551
K02000001,United Kingdom,overview,2022-06-09,199988,,15204005
K02000001,United Kingdom,overview,2022-06-08,199961,,15192596
K02000001,United Kingdom,overview,2022-06-07,199919,,15180353
K02000001,United Kingdom,overview,2022-06-06,199886,,15172961
K02000001,United Kingdom,overview,2022-06-05,199844,,15164832
K02000001,United Kingdom,overview,2022-06-04,199814,,15160610
K02000001,United Kingdom,overview,2022-06-03,199775,196645,15159524
K02000001,United Kingdom,overview,2022-06-02,199747,,15148341
K02000001,United Kingdom,overview,2022-06-01,199700,,15139101
K02000001,United Kingdom,overview,2022-05-31,199674,,15128170
K02000001,United Kingdom,overview,2022-05-30,199624,,15121024
K02000001,United Kingdom,overview,2022-05-29,199573,,15112349
K02000001,United Kingdom,overview,2022-05-28,199544,,15104372
K02000001,United Kingdom,overview,2022-05-27,199510,196434,15093630
K02000001,United Kingdom,overview,2022-05-26,199465,,15082444
K02000001,United Kingdom,overview,2022-05-25,199420,,15069702
K02000001,United Kingdom,overview,2022-05-24,199386,,15056630
K02000001,United Kingdom,overview,2022-05-23,199335,,15048680
K02000001,United Kingdom,overview,2022-05-22,199272,,15040900
K02000001,United Kingdom,overview,2022-05-21,199214,,15030595
K02000001,United Kingdom,overview,2022-05-20,199165,195965,15020311
K02000001,United Kingdom,overview,2022-05-19,199093,,15007969
K02000001,United Kingdom,overview,2022-05-18,199047,,14995607
K02000001,United Kingdom,overview,2022-05-17,199001,,14982963
K02000001,United Kingdom,overview,2022-05-16,198929,,14975600
K02000001,United Kingdom,overview,2022-05-15,198863,,14968067
K02000001,United Kingdom,overview,2022-05-14,198790,,14957212
K02000001,United Kingdom,overview,2022-05-13,198725,195350,14946357
K02000001,United Kingdom,overview,2022-05-12,198653,,14934875
K02000001,United Kingdom,overview,2022-05-11,198583,,14923100
K02000001,United Kingdom,overview,2022-05-10,198504,,14909725
K02000001,United Kingdom,overview,2022-05-09,198404,,14900828
K02000001,United Kingdom,overview,2022-05-08,198322,,14893030
K02000001,United Kingdom,overview,2022-05-07,198240,,14883093
K02000001,United Kingdom,overview,2022-05-06,198137,194554,14873240
K02000001,United Kingdom,overview,2022-05-05,198040,,14860992
K02000001,United Kingdom,overview,2022-05-04,197955,,14847842
K02000001,United Kingdom,overview,2022-05-03,197865,,14837597
K02000001,United Kingdom,overview,2022-05-02,197758,,14807410
K02000001,United Kingdom,overview,2022-05-01,197650,,14794928
K02000001,United Kingdom,overview,2022-04-30,197536,,14785718
K02000001,United Kingdom,overview,2022-04-29,197429,193715,14774777
K02000001,United Kingdom,overview,2022-04-28,197321,,14762374
K02000001,United Kingdom,overview,2022-04-27,197191,,14747891
K02000001,United Kingdom,overview,2022-04-26,197058,,14733852
K02000001,United Kingdom,overview,2022-04-25,196932,,14667040
K02000001,United Kingdom,overview,2022-04-24,196803,,14654595
K02000001,United Kingdom,overview,2022-04-23,196673,,14641137
K02000001,United Kingdom,overview,2022-04-22,196528,192466,14627730
K02000001,United Kingdom,overview,2022-04-21,196375,,14611655
K02000001,United Kingdom,overview,2022-04-20,196214,,14594226
K02000001,United Kingdom,overview,2022-04-19,196053,,14580853
K02000001,United Kingdom,overview,2022-04-18,195896,,14544387
K02000001,United Kingdom,overview,2022-04-17,195722,,14544095
K02000001,United Kingdom,overview,2022-04-16,195561,,14533127
K02000001,United Kingdom,overview,2022-04-15,195397,191281,14521015
K02000001,United Kingdom,overview,2022-04-14,195226,,14507776
K02000001,United Kingdom,overview,2022-04-13,195035,,14491768
K02000001,United Kingdom,overview,2022-04-12,194815,,14474052
K02000001,United Kingdom,overview,2022-04-11,194617,,14465300
K02000001,United Kingdom,overview,2022-04-10,194432,,14455684
K02000001,United Kingdom,overview,2022-04-09,194235,,14443852
K02000001,United Kingdom,overview,2022-04-08,194062,190129,14434515
K02000001,United Kingdom,overview,2022-04-07,193825,,14422112
K02000001,United Kingdom,overview,2022-04-06,193594,,14408962
K02000001,United Kingdom,overview,2022-04-05,193399,,14396049
K02000001,United Kingdom,overview,2022-04-04,193198,,14353532
K02000001,United Kingdom,overview,2022-04-03,193022,,14343800
K02000001,United Kingdom,overview,2022-04-02,192833,,14331017
K02000001,United Kingdom,overview,2022-04-01,192643,188995,14317863
K02000001,United Kingdom,overview,2022-03-31,192439,,14297414
K02000001,United Kingdom,overview,2022-03-30,192247,,14280079
K02000001,United Kingdom,overview,2022-03-29,192066,,14260135
K02000001,United Kingdom,overview,2022-03-28,191871,,14204878
K02000001,United Kingdom,overview,2022-03-27,191695,,14191622
K02000001,United Kingdom,overview,2022-03-26,191537,,14176077
K02000001,United Kingdom,overview,2022-03-25,191375,187932,14161224
K02000001,United Kingdom,overview,2022-03-24,191194,,14141249
K02000001,United Kingdom,overview,2022-03-23,191030,,14123373
K02000001,United Kingdom,overview,2022-03-22,190872,,14093268
K02000001,United Kingdom,overview,2022-03-21,190705,,14048720
K02000001,United Kingdom,overview,2022-03-20,190544,,14034990
K02000001,United Kingdom,overview,2022-03-19,190370,,14012823
K02000001,United Kingdom,overview,2022-03-18,190205,186926,13998311
K02000001,United Kingdom,overview,2022-03-17,190035,,13981243
K02000001,United Kingdom,overview,2022-03-16,189897,,13956836
K02000001,United Kingdom,overview,2022-03-15,189751,,13923725
K02000001,United Kingdom,overview,2022-03-14,189630,,13871943
K02000001,United Kingdom,overview,2022-03-13,189489,,13857955
K02000001,United Kingdom,overview,2022-03-12,189378,,13830567
K02000001,United Kingdom,overview,2022-03-11,189256,186097,13814779
K02000001,United Kingdom,overview,2022-03-10,189135,,13804471
K02000001,United Kingdom,overview,2022-03-09,189021,,13786616
K02000001,United Kingdom,overview,2022-03-08,188914,,13771326
K02000001,United Kingdom,overview,2022-03-07,188795,,13729793
K02000001,United Kingdom,overview,2022-03-06,188671,,13717564
K02000001,United Kingdom,overview,2022-03-05,188577,,13704049
K02000001,United Kingdom,overview,2022-03-04,188476,185276,13692387
K02000001,United Kingdom,overview,2022-03-03,188365,,13679725
K02000001,United Kingdom,overview,2022-03-02,188259,,13662681
K02000001,United Kingdom,overview,2022-03-01,188114,,13642508
K02000001,United Kingdom,overview,2022-02-28,188008,,13593996
K02000001,United Kingdom,overview,2022-02-27,187903,,13582205
K02000001,United Kingdom,overview,2022-02-26,187784,,13567110
K02000001,United Kingdom,overview,2022-02-25,187681,184460,13550573
K02000001,United Kingdom,overview,2022-02-24,187560,,13535329
K02000001,United Kingdom,overview,2022-02-23,187434,,13519029
K02000001,United Kingdom,overview,2022-02-22,187317,,13495974
K02000001,United Kingdom,overview,2022-02-21,187197,,13480317
K02000001,United Kingdom,overview,2022-02-20,187087,,13466715
K02000001,United Kingdom,overview,2022-02-19,186961,,13453419
K02000001,United Kingdom,overview,2022-02-18,186840,183581,13438695
K02000001,United Kingdom,overview,2022-02-17,186713,,13415120
K02000001,United Kingdom,overview,2022-02-16,186588,,13383220
K02000001,United Kingdom,overview,2022-02-15,186456,,13356284
K02000001,United Kingdom,overview,2022-02-14,186323,,13331738
K02000001,United Kingdom,overview,2022-02-13,186166,,13319650
K02000001,United Kingdom,overview,2022-02-12,186039,,13300007
K02000001,United Kingdom,overview,2022-02-11,185895,182611,13281381
K02000001,United Kingdom,overview,2022-02-10,185753,,13258307
K02000001,United Kingdom,overview,2022-02-09,185629,,13239410
K02000001,United Kingdom,overview,2022-02-08,185485,,13173989
K02000001,United Kingdom,overview,2022-02-07,185326,,13160795
K02000001,United Kingdom,overview,2022-02-06,185186,,13097369
K02000001,United Kingdom,overview,2022-02-05,185028,,13080315
K02000001,United Kingdom,overview,2022-02-04,184855,181425,13064930
K02000001,United Kingdom,overview,2022-02-03,184696,,13048013
K02000001,United Kingdom,overview,2022-02-02,184506,,13028668
K02000001,United Kingdom,overview,2022-02-01,184319,,13008985
K02000001,United Kingdom,overview,2022-01-31,184112,,12996054
K02000001,United Kingdom,overview,2022-01-30,183905,,12980861
K02000001,United Kingdom,overview,2022-01-29,183714,,12964197
K02000001,United Kingdom,overview,2022-01-28,183533,180034,12952376
K02000001,United Kingdom,overview,2022-01-27,183331,,12878966
K02000001,United Kingdom,overview,2022-01-26,183112,,12861715
K02000001,United Kingdom,overview,2022-01-25,182916,,12846126
K02000001,United Kingdom,overview,2022-01-24,182722,,12832911
K02000001,United Kingdom,overview,2022-01-23,182495,,12820470
K02000001,United Kingdom,overview,2022-01-22,182277,,12802488
K02000001,United Kingdom,overview,2022-01-21,182054,178489,12777458
K02000001,United Kingdom,overview,2022-01-20,181806,,12763825
K02000001,United Kingdom,overview,2022-01-19,181605,,12739416
K02000001,United Kingdom,overview,2022-01-18,181384,,12714575
K02000001,United Kingdom,overview,2022-01-17,181151,,12652039
K02000001,United Kingdom,overview,2022-01-16,180919,,12637395
K02000001,United Kingdom,overview,2022-01-15,180662,,12610373
K02000001,United Kingdom,overview,2022-01-14,180403,176816,12584654
K02000001,United Kingdom,overview,2022-01-13,180168,,12553983
K02000001,United Kingdom,overview,2022-01-12,179926,,12528905
K02000001,United Kingdom,overview,2022-01-11,179688,,12499753
K02000001,United Kingdom,overview,2022-01-10,179455,,12475042
K02000001,United Kingdom,overview,2022-01-09,179213,,12392712
K02000001,United Kingdom,overview,2022-01-08,178971,,12362632
K02000001,United Kingdom,overview,2022-01-07,178755,175255,12346756
K02000001,United Kingdom,overview,2022-01-06,178526,,12334458
K02000001,United Kingdom,overview,2022-01-05,178306,,12324062
K02000001,United Kingdom,overview,2022-01-04,178125,,12320323
K02000001,United Kingdom,overview,2022-01-03,177922,,12258546
K02000001,United Kingdom,overview,2022-01-02,177743,,12256973
K02000001,United Kingdom,overview,2022-01-01,177573,,12237695
K02000001,United Kingdom,overview,2021-12-31,177397,174233,12227205
K02000001,United Kingdom,overview,2021-12-30,177242,,12211315
K02000001,United Kingdom,overview,2021-12-29,177065,,12196292
K02000001,United Kingdom,overview,2021-12-28,176933,,12192849
K02000001,United Kingdom,overview,2021-12-27,176771,,12188539
K02000001,United Kingdom,overview,2021-12-26,176638,,12187454
K02000001,United Kingdom,overview,2021-12-25,176522,,12179963
K02000001,United Kingdom,overview,2021-12-24,176410,173593,12162620
K02000001,United Kingdom,overview,2021-12-23,176293,,12152361
K02000001,United Kingdom,overview,2021-12-22,176157,,12138354
K02000001,United Kingdom,overview,2021-12-21,176021,,12133018
K02000001,United Kingdom,overview,2021-12-20,175909,,12088610
K02000001,United Kingdom,overview,2021-12-19,175773,,12066952
K02000001,United Kingdom,overview,2021-12-18,175656,,12052279
K02000001,United Kingdom,overview,2021-12-17,175549,172658,12043390
K02000001,United Kingdom,overview,2021-12-16,175418,,12030675
K02000001,United Kingdom,overview,2021-12-15,175300,,12017179
K02000001,United Kingdom,overview,2021-12-14,175180,,12008691
K02000001,United Kingdom,overview,2021-12-13,175028,,11970332
K02000001,United Kingdom,overview,2021-12-12,174915,,11949036
K02000001,United Kingdom,overview,2021-12-11,174778,,11932204
K02000001,United Kingdom,overview,2021-12-10,174669,171802,11917005
K02000001,United Kingdom,overview,2021-12-09,174547,,11896908
K02000001,United Kingdom,overview,2021-12-08,174415,,11874763
K02000001,United Kingdom,overview,2021-12-07,174282,,11853788
K02000001,United Kingdom,overview,2021-12-06,174150,,11800792
K02000001,United Kingdom,overview,2021-12-05,174007,,11771622
K02000001,United Kingdom,overview,2021-12-04,173890,,11757156
K02000001,United Kingdom,overview,2021-12-03,173727,170914,11701444
K02000001,United Kingdom,overview,2021-12-02,173580,,11682732
K02000001,United Kingdom,overview,2021-12-01,173457,,11676696
K02000001,United Kingdom,overview,2021-11-30,173319,,11673007
K02000001,United Kingdom,overview,2021-11-29,173197,,11619293
K02000001,United Kingdom,overview,2021-11-28,173053,,11598517
K02000001,United Kingdom,overview,2021-11-27,172909,,11572631
K02000001,United Kingdom,overview,2021-11-26,172785,170002,11554964
K02000001,United Kingdom,overview,2021-11-25,172653,,11535277
K02000001,United Kingdom,overview,2021-11-24,172512,,11516840
K02000001,United Kingdom,overview,2021-11-23,172388,,11507807
K02000001,United Kingdom,overview,2021-11-22,172238,,11453741
K02000001,United Kingdom,overview,2021-11-21,172107,,11441605
K02000001,United Kingdom,overview,2021-11-20,171986,,11415349
K02000001,United Kingdom,overview,2021-11-19,171843,169022,11402272
K02000001,United Kingdom,overview,2021-11-18,171701,,11386007
K02000001,United Kingdom,overview,2021-11-17,171570,,11371561
K02000001,United Kingdom,overview,2021-11-16,171443,,11361659
K02000001,United Kingdom,overview,2021-11-15,171277,,11335883
K02000001,United Kingdom,overview,2021-11-14,171106,,11323498
K02000001,United Kingdom,overview,2021-11-13,170972,,11308569
K02000001,United Kingdom,overview,2021-11-12,170820,167932,11293042
K02000001,United Kingdom,overview,2021-11-11,170674,,11276476
K02000001,United Kingdom,overview,2021-11-10,170516,,11253544
K02000001,United Kingdom,overview,2021-11-09,170346,,11240669
K02000001,United Kingdom,overview,2021-11-08,170189,,11227325
K02000001,United Kingdom,overview,2021-11-07,170028,,11216610
K02000001,United Kingdom,overview,2021-11-06,169867,,11198348
K02000001,United Kingdom,overview,2021-11-05,169696,166734,11185175
K02000001,United Kingdom,overview,2021-11-04,169530,,11163169
K02000001,United Kingdom,overview,2021-11-03,169361,,11139718
K02000001,United Kingdom,overview,2021-11-02,169177,,11104095
K02000001,United Kingdom,overview,2021-11-01,169012,,11086770
K02000001,United Kingdom,overview,2021-10-31,168820,,11074408
K02000001,United Kingdom,overview,2021-10-30,168624,,11060031
K02000001,United Kingdom,overview,2021-10-29,168459,165540,11038490
K02000001,United Kingdom,overview,2021-10-28,168274,,11007436
K02000001,United Kingdom,overview,2021-10-27,168075,,10981445
K02000001,United Kingdom,overview,2021-10-26,167898,,10949804
K02000001,United Kingdom,overview,2021-10-25,167719,,10942625
K02000001,United Kingdom,overview,2021-10-24,167570,,10920561
K02000001,United Kingdom,overview,2021-10-23,167403,,10909281
K02000001,United Kingdom,overview,2021-10-22,167231,164496,10899268
K02000001,United Kingdom,overview,2021-10-21,167080,,10883392
K02000001,United Kingdom,overview,2021-10-20,166915,,10864300
K02000001,United Kingdom,overview,2021-10-19,166761,,10846994
K02000001,United Kingdom,overview,2021-10-18,166618,,10760599
K02000001,United Kingdom,overview,2021-10-17,166479,,10732505
K02000001,United Kingdom,overview,2021-10-16,166338,,10732204
K02000001,United Kingdom,overview,2021-10-15,166186,163521,10732204
K02000001,United Kingdom,overview,2021-10-14,166046,,10715017
K02000001,United Kingdom,overview,2021-10-13,165885,,10697615
K02000001,United Kingdom,overview,2021-10-12,165748,,10680440
K02000001,United Kingdom,overview,2021-10-11,165612,,10667880
K02000001,United Kingdom,overview,2021-10-10,165474,,10656632
K02000001,United Kingdom,overview,2021-10-09,165359,,10656530
K02000001,United Kingdom,overview,2021-10-08,165238,162629,10643994
K02000001,United Kingdom,overview,2021-10-07,165116,,10627979
K02000001,United Kingdom,overview,2021-10-06,164983,,10611685
K02000001,United Kingdom,overview,2021-10-05,164869,,10584298
K02000001,United Kingdom,overview,2021-10-04,164734,,10571999
K02000001,United Kingdom,overview,2021-10-03,164621,,10570479
K02000001,United Kingdom,overview,2021-10-02,164514,,10555779
K02000001,United Kingdom,overview,2021-10-01,164396,161804,10541612
K02000001,United Kingdom,overview,2021-09-30,164257,,10540577
K02000001,United Kingdom,overview,2021-09-29,164128,,10522985
K02000001,United Kingdom,overview,2021-09-28,163986,,10506170
K02000001,United Kingdom,overview,2021-09-27,163865,,10469096
K02000001,United Kingdom,overview,2021-09-26,163738,,10456562
K02000001,United Kingdom,overview,2021-09-25,163627,,10435850
K02000001,United Kingdom,overview,2021-09-24,163499,160830,10417263
K02000001,United Kingdom,overview,2021-09-23,163358,,10380456
K02000001,United Kingdom,overview,2021-09-22,163209,,10356077
K02000001,United Kingdom,overview,2021-09-21,163050,,10343708
K02000001,United Kingdom,overview,2021-09-20,162911,,10279915
K02000001,United Kingdom,overview,2021-09-19,162752,,10270066
K02000001,United Kingdom,overview,2021-09-18,162615,,10262285
K02000001,United Kingdom,overview,2021-09-17,162478,159720,10238911
K02000001,United Kingdom,overview,2021-09-16,162294,,10209967
K02000001,United Kingdom,overview,2021-09-15,162132,,10190925
K02000001,United Kingdom,overview,2021-09-14,161963,,10157722
K02000001,United Kingdom,overview,2021-09-13,161793,,10130311
K02000001,United Kingdom,overview,2021-09-12,161674,,10114131
K02000001,United Kingdom,overview,2021-09-11,161533,,10102262
K02000001,United Kingdom,overview,2021-09-10,161388,158671,10087559
K02000001,United Kingdom,overview,2021-09-09,161238,,10085141
K02000001,United Kingdom,overview,2021-09-08,161058,,10070699
K02000001,United Kingdom,overview,2021-09-07,160915,,10054645
K02000001,United Kingdom,overview,2021-09-06,160749,,9998589
K02000001,United Kingdom,overview,2021-09-05,160592,,9985851
K02000001,United Kingdom,overview,2021-09-04,160428,,9978642
K02000001,United Kingdom,overview,2021-09-03,160282,157673,9965653
K02000001,United Kingdom,overview,2021-09-02,160130,,9953550
K02000001,United Kingdom,overview,2021-09-01,159993,,9943129
K02000001,United Kingdom,overview,2021-08-31,159868,,9933321
K02000001,United Kingdom,overview,2021-08-30,159740,,9883518
K02000001,United Kingdom,overview,2021-08-29,159631,,9869047
K02000001,United Kingdom,overview,2021-08-28,159492,,9855501
K02000001,United Kingdom,overview,2021-08-27,159358,156892,9845493
K02000001,United Kingdom,overview,2021-08-26,159219,,9835076
K02000001,United Kingdom,overview,2021-08-25,159094,,9829077
K02000001,United Kingdom,overview,2021-08-24,158986,,9815566
K02000001,United Kingdom,overview,2021-08-23,158868,,9763752
K02000001,United Kingdom,overview,2021-08-22,158748,,9746142
K02000001,United Kingdom,overview,2021-08-21,158619,,9734382
K02000001,United Kingdom,overview,2021-08-20,158501,156122,9730020
K02000001,United Kingdom,overview,2021-08-19,158374,,9712444
K02000001,United Kingdom,overview,2021-08-18,158259,,9703462
K02000001,United Kingdom,overview,2021-08-17,158148,,9687263
K02000001,United Kingdom,overview,2021-08-16,158046,,9641284
K02000001,United Kingdom,overview,2021-08-15,157957,,9631577
K02000001,United Kingdom,overview,2021-08-14,157866,,9618067
K02000001,United Kingdom,overview,2021-08-13,157762,155468,9605539
K02000001,United Kingdom,overview,2021-08-12,157664,,9591778
K02000001,United Kingdom,overview,2021-08-11,157558,,9578419
K02000001,United Kingdom,overview,2021-08-10,157469,,9562012
K02000001,United Kingdom,overview,2021-08-09,157384,,9550629
K02000001,United Kingdom,overview,2021-08-08,157300,,9507056
K02000001,United Kingdom,overview,2021-08-07,157216,,9494270
K02000001,United Kingdom,overview,2021-08-06,157110,154816,9481281
K02000001,United Kingdom,overview,2021-08-05,157012,,9466512
K02000001,United Kingdom,overview,2021-08-04,156911,,9451114
K02000001,United Kingdom,overview,2021-08-03,156819,,9437796
K02000001,United Kingdom,overview,2021-08-02,156739,,9396135
K02000001,United Kingdom,overview,2021-08-01,156647,,9384725
K02000001,United Kingdom,overview,2021-07-31,156550,,9371800
K02000001,United Kingdom,overview,2021-07-30,156458,154204,9358187
K02000001,United Kingdom,overview,2021-07-29,156353,,9344309
K02000001,United Kingdom,overview,2021-07-28,156265,,9328586
K02000001,United Kingdom,overview,2021-07-27,156181,,9311163
K02000001,United Kingdom,overview,2021-07-26,156104,,9258479
K02000001,United Kingdom,overview,2021-07-25,156025,,9248327
K02000001,United Kingdom,overview,2021-07-24,155952,,9235841
K02000001,United Kingdom,overview,2021-07-23,155883,153736,9223438
K02000001,United Kingdom,overview,2021-07-22,155800,,9173242
K02000001,United Kingdom,overview,2021-07-21,155714,,9158791
K02000001,United Kingdom,overview,2021-07-20,155653,,9142796
K02000001,United Kingdom,overview,2021-07-19,155585,,9132520
K02000001,United Kingdom,overview,2021-07-18,155497,,9123315
K02000001,United Kingdom,overview,2021-07-17,155424,,9110838
K02000001,United Kingdom,overview,2021-07-16,155364,153344,9097708
K02000001,United Kingdom,overview,2021-07-15,155309,,9081894
K02000001,United Kingdom,overview,2021-07-14,155255,,9065382
K02000001,United Kingdom,overview,2021-07-13,155208,,9044416
K02000001,United Kingdom,overview,2021-07-12,155158,,8995994
K02000001,United Kingdom,overview,2021-07-11,155115,,8902413
K02000001,United Kingdom,overview,2021-07-10,155079,,8877626
K02000001,United Kingdom,overview,2021-07-09,155034,153076,8858503
K02000001,United Kingdom,overview,2021-07-08,154981,,8849403
K02000001,United Kingdom,overview,2021-07-07,154939,,8821789
K02000001,United Kingdom,overview,2021-07-06,154903,,8798359
K02000001,United Kingdom,overview,2021-07-05,154868,,8748500
K02000001,United Kingdom,overview,2021-07-04,154839,,8731415
K02000001,United Kingdom,overview,2021-07-03,154809,,8710794
K02000001,United Kingdom,overview,2021-07-02,154778,152859,8690791
K02000001,United Kingdom,overview,2021-07-01,154746,,8669663
K02000001,United Kingdom,overview,2021-06-30,154718,,8649334
K02000001,United Kingdom,overview,2021-06-29,154692,,8626896
K02000001,United Kingdom,overview,2021-06-28,154668,,8577886
K02000001,United Kingdom,overview,2021-06-27,154650,,8560707
K02000001,United Kingdom,overview,2021-06-26,154626,,8545458
K02000001,United Kingdom,overview,2021-06-25,154609,152727,8528744
K02000001,United Kingdom,overview,2021-06-24,154587,,8513127
K02000001,United Kingdom,overview,2021-06-23,154558,,8497627
K02000001,United Kingdom,overview,2021-06-22,154549,,8491204
K02000001,United Kingdom,overview,2021-06-21,154531,,8460442
K02000001,United Kingdom,overview,2021-06-20,154518,,8452325
K02000001,United Kingdom,overview,2021-06-19,154496,,8436153
K02000001,United Kingdom,overview,2021-06-18,154476,152609,8416971
K02000001,United Kingdom,overview,2021-06-17,154458,,8397639
K02000001,United Kingdom,overview,2021-06-16,154449,,8384442
K02000001,United Kingdom,overview,2021-06-15,154433,,8368876
K02000001,United Kingdom,overview,2021-06-14,154412,,8320818
K02000001,United Kingdom,overview,2021-06-13,154399,,8312677
K02000001,United Kingdom,overview,2021-06-12,154387,,8299158
K02000001,United Kingdom,overview,2021-06-11,154375,152493,8281963
K02000001,United Kingdom,overview,2021-06-10,154362,,8271007
K02000001,United Kingdom,overview,2021-06-09,154346,,8253155
K02000001,United Kingdom,overview,2021-06-08,154329,,8230604
K02000001,United Kingdom,overview,2021-06-07,154314,,8198022
K02000001,United Kingdom,overview,2021-06-06,154308,,8184367
K02000001,United Kingdom,overview,2021-06-05,154295,,8167086
K02000001,United Kingdom,overview,2021-06-04,154288,152400,8146904
K02000001,United Kingdom,overview,2021-06-03,154274,,8125683
K02000001,United Kingdom,overview,2021-06-02,154258,,8102253
K02000001,United Kingdom,overview,2021-06-01,154246,,8082596
K02000001,United Kingdom,overview,2021-05-31,154236,,8033656
K02000001,United Kingdom,overview,2021-05-30,154225,,8017036
K02000001,United Kingdom,overview,2021-05-29,154216,,7995231
K02000001,United Kingdom,overview,2021-05-28,154204,152292,7972089
K02000001,United Kingdom,overview,2021-05-27,154190,,7945493
K02000001,United Kingdom,overview,2021-05-26,154182,,7921534
K02000001,United Kingdom,overview,2021-05-25,154168,,7892810
K02000001,United Kingdom,overview,2021-05-24,154157,,7835984
K02000001,United Kingdom,overview,2021-05-23,154141,,7812122
K02000001,United Kingdom,overview,2021-05-22,154125,,7794045
K02000001,United Kingdom,overview,2021-05-21,154121,152186,7775170
K02000001,United Kingdom,overview,2021-05-20,154103,,7752299
K02000001,United Kingdom,overview,2021-05-19,154096,,7726768
K02000001,United Kingdom,overview,2021-05-18,154092,,7698195
K02000001,United Kingdom,overview,2021-05-17,154081,,7634941
K02000001,United Kingdom,overview,2021-05-16,154068,,7601452
K02000001,United Kingdom,overview,2021-05-15,154054,,7564093
K02000001,United Kingdom,overview,2021-05-14,154039,152071,7524356
K02000001,United Kingdom,overview,2021-05-13,154025,,7478601
K02000001,United Kingdom,overview,2021-05-12,154010,,7424732
K02000001,United Kingdom,overview,2021-05-11,153995,,7385162
K02000001,United Kingdom,overview,2021-05-10,153974,,7351811
K02000001,United Kingdom,overview,2021-05-09,153966,,7342824
K02000001,United Kingdom,overview,2021-05-08,153955,,7327267
K02000001,United Kingdom,overview,2021-05-07,153935,151907,7312643
K02000001,United Kingdom,overview,2021-05-06,153917,,7296126
K02000001,United Kingdom,overview,2021-05-05,153900,,7261225
K02000001,United Kingdom,overview,2021-05-04,153878,,7243277
K02000001,United Kingdom,overview,2021-05-03,153863,,7228911
K02000001,United Kingdom,overview,2021-05-02,153846,,7214960
K02000001,United Kingdom,overview,2021-05-01,153827,,7196839
K02000001,United Kingdom,overview,2021-04-30,153811,151768,7179764
K02000001,United Kingdom,overview,2021-04-29,153795,,7160054
K02000001,United Kingdom,overview,2021-04-28,153778,,7136350
K02000001,United Kingdom,overview,2021-04-27,153757,,7109086
K02000001,United Kingdom,overview,2021-04-26,153732,,7072020
K02000001,United Kingdom,overview,2021-04-25,153711,,7047515
K02000001,United Kingdom,overview,2021-04-24,153684,,7022945
K02000001,United Kingdom,overview,2021-04-23,153660,151536,6997599
K02000001,United Kingdom,overview,2021-04-22,153631,,6972105
K02000001,United Kingdom,overview,2021-04-21,153598,,6938159
K02000001,United Kingdom,overview,2021-04-20,153562,,6920869
K02000001,United Kingdom,overview,2021-04-19,153527,,6884009
K02000001,United Kingdom,overview,2021-04-18,153504,,6850532
K02000001,United Kingdom,overview,2021-04-17,153473,,6845147
K02000001,United Kingdom,overview,2021-04-16,153430,151246,6831965
K02000001,United Kingdom,overview,2021-04-15,153398,,6819775
K02000001,United Kingdom,overview,2021-04-14,153355,,6805174
K02000001,United Kingdom,overview,2021-04-13,153320,,6785039
K02000001,United Kingdom,overview,2021-04-12,153273,,6772671
K02000001,United Kingdom,overview,2021-04-11,153235,,6760059
K02000001,United Kingdom,overview,2021-04-10,153194,,6748585
K02000001,United Kingdom,overview,2021-04-09,153151,150844,6735072
K02000001,United Kingdom,overview,2021-04-08,153113,,6718893
K02000001,United Kingdom,overview,2021-04-07,153051,,6699382
K02000001,United Kingdom,overview,2021-04-06,153005,,6678294
K02000001,United Kingdom,overview,2021-04-05,152960,,6647627
K02000001,United Kingdom,overview,2021-04-04,152915,,6647068
K02000001,United Kingdom,overview,2021-04-03,152862,,6636021
K02000001,United Kingdom,overview,2021-04-02,152820,150422,6623118
K02000001,United Kingdom,overview,2021-04-01,152770,,6610400
K02000001,United Kingdom,overview,2021-03-31,152707,,6594173
K02000001,United Kingdom,overview,2021-03-30,152633,,6570711
K02000001,United Kingdom,overview,2021-03-29,152577,,6542860
K02000001,United Kingdom,overview,2021-03-28,152506,,6527839
K02000001,United Kingdom,overview,2021-03-27,152456,,6508244
K02000001,United Kingdom,overview,2021-03-26,152391,149972,6487152
K02000001,United Kingdom,overview,2021-03-25,152316,,6461598
K02000001,United Kingdom,overview,2021-03-24,152237,,6437508
K02000001,United Kingdom,overview,2021-03-23,152167,,6406937
K02000001,United Kingdom,overview,2021-03-22,152072,,6374527
K02000001,United Kingdom,overview,2021-03-21,151964,,6349252
K02000001,United Kingdom,overview,2021-03-20,151837,,6323450
K02000001,United Kingdom,overview,2021-03-19,151736,149172,6296232
K02000001,United Kingdom,overview,2021-03-18,151632,,6267273
K02000001,United Kingdom,overview,2021-03-17,151532,,6238795
K02000001,United Kingdom,overview,2021-03-16,151405,,6207756
K02000001,United Kingdom,overview,2021-03-15,151291,,6177419
K02000001,United Kingdom,overview,2021-03-14,151152,,6159088
K02000001,United Kingdom,overview,2021-03-13,151014,,6144214
K02000001,United Kingdom,overview,2021-03-12,150879,148126,6129763
K02000001,United Kingdom,overview,2021-03-11,150744,,6113344
K02000001,United Kingdom,overview,2021-03-10,150571,,6094997
K02000001,United Kingdom,overview,2021-03-09,150408,,6074036
K02000001,United Kingdom,overview,2021-03-08,150223,,6045655
K02000001,United Kingdom,overview,2021-03-07,150026,,6034090
K02000001,United Kingdom,overview,2021-03-06,149829,,6021159
K02000001,United Kingdom,overview,2021-03-05,149619,146489,6007566
K02000001,United Kingdom,overview,2021-03-04,149397,,5992164
K02000001,United Kingdom,overview,2021-03-03,149163,,5973827
K02000001,United Kingdom,overview,2021-03-02,148945,,5954330
K02000001,United Kingdom,overview,2021-03-01,148701,,5941229
K02000001,United Kingdom,overview,2021-02-28,148404,,5916737
K02000001,United Kingdom,overview,2021-02-27,148123,,5900705
K02000001,United Kingdom,overview,2021-02-26,147815,144209,5884457
K02000001,United Kingdom,overview,2021-02-25,147511,,5868020
K02000001,United Kingdom,overview,2021-02-24,147156,,5852504
K02000001,United Kingdom,overview,2021-02-23,146789,,5829546
K02000001,United Kingdom,overview,2021-02-22,146408,,5798040
K02000001,United Kingdom,overview,2021-02-21,146029,,5780767
K02000001,United Kingdom,overview,2021-02-20,145618,,5757230
K02000001,United Kingdom,overview,2021-02-19,145166,141010,5733276
K02000001,United Kingdom,overview,2021-02-18,144697,,5707185
K02000001,United Kingdom,overview,2021-02-17,144176,,5675881
K02000001,United Kingdom,overview,2021-02-16,143670,,5642513
K02000001,United Kingdom,overview,2021-02-15,143102,,5619334
K02000001,United Kingdom,overview,2021-02-14,142487,,5592750
K02000001,United Kingdom,overview,2021-02-13,141882,,5564209
K02000001,United Kingdom,overview,2021-02-12,141296,136562,5528455
K02000001,United Kingdom,overview,2021-02-11,140660,,5494422
K02000001,United Kingdom,overview,2021-02-10,139984,,5463204
K02000001,United Kingdom,overview,2021-02-09,139272,,5430916
K02000001,United Kingdom,overview,2021-02-08,138549,,5395430
K02000001,United Kingdom,overview,2021-02-07,137768,,5381564
K02000001,United Kingdom,overview,2021-02-06,137015,,5364173
K02000001,United Kingdom,overview,2021-02-05,136228,130447,5345335
K02000001,United Kingdom,overview,2021-02-04,135354,,5325171
K02000001,United Kingdom,overview,2021-02-03,134528,,5302061
K02000001,United Kingdom,overview,2021-02-02,133552,,5275120
K02000001,United Kingdom,overview,2021-02-01,132589,,5245177
K02000001,United Kingdom,overview,2021-01-31,131582,,5221899
K02000001,United Kingdom,overview,2021-01-30,130587,,5196440
K02000001,United Kingdom,overview,2021-01-29,129561,122624,5167919
K02000001,United Kingdom,overview,2021-01-28,128401,,5137782
K02000001,United Kingdom,overview,2021-01-27,127177,,5095852
K02000001,United Kingdom,overview,2021-01-26,125945,,5030341
K02000001,United Kingdom,overview,2021-01-25,124772,,4960201
K02000001,United Kingdom,overview,2021-01-24,123509,,4946901
K02000001,United Kingdom,overview,2021-01-23,122270,,4929176
K02000001,United Kingdom,overview,2021-01-22,120982,113610,4908727
K02000001,United Kingdom,overview,2021-01-21,119647,,4888150
K02000001,United Kingdom,overview,2021-01-20,118297,,4866501
K02000001,United Kingdom,overview,2021-01-19,116914,,4841514
K02000001,United Kingdom,overview,2021-01-18,115424,,4811185
K02000001,United Kingdom,overview,2021-01-17,114023,,4791267
K02000001,United Kingdom,overview,2021-01-16,112662,,4769675
K02000001,United Kingdom,overview,2021-01-15,111243,104554,4747145
K02000001,United Kingdom,overview,2021-01-14,109919,,4724460
K02000001,United Kingdom,overview,2021-01-13,108578,,4689919
K02000001,United Kingdom,overview,2021-01-12,107269,,4655403
K02000001,United Kingdom,overview,2021-01-11,105949,,4595158
K02000001,United Kingdom,overview,2021-01-10,104705,,4575760
K02000001,United Kingdom,overview,2021-01-09,103532,,4532068
K02000001,United Kingdom,overview,2021-01-08,102438,96783,4492777
K02000001,United Kingdom,overview,2021-01-07,101386,,4459779
K02000001,United Kingdom,overview,2021-01-06,100330,,4438753
K02000001,United Kingdom,overview,2021-01-05,99316,,4415937
K02000001,United Kingdom,overview,2021-01-04,98343,,4400824
K02000001,United Kingdom,overview,2021-01-03,97447,,4387304
K02000001,United Kingdom,overview,2021-01-02,96640,,4375496
K02000001,United Kingdom,overview,2021-01-01,95807,90189,4374324
K02000001,United Kingdom,overview,2020-12-31,94998,,4355485
K02000001,United Kingdom,overview,2020-12-30,94174,,4355395
K02000001,United Kingdom,overview,2020-12-29,93414,,4335604
K02000001,United Kingdom,overview,2020-12-28,92701,,4313641
K02000001,United Kingdom,overview,2020-12-27,91978,,4307543
K02000001,United Kingdom,overview,2020-12-26,91260,,4307543
K02000001,United Kingdom,overview,2020-12-25,90568,86765,4307543
K02000001,United Kingdom,overview,2020-12-24,89913,,4307543
K02000001,United Kingdom,overview,2020-12-23,89297,,4307471
K02000001,United Kingdom,overview,2020-12-22,88668,,4289426
K02000001,United Kingdom,overview,2020-12-21,88039,,4274464
K02000001,United Kingdom,overview,2020-12-20,87437,,4254718
K02000001,United Kingdom,overview,2020-12-19,86886,,4227256
K02000001,United Kingdom,overview,2020-12-18,86338,83564,4216265
K02000001,United Kingdom,overview,2020-12-17,85752,,4197422
K02000001,United Kingdom,overview,2020-12-16,85185,,4186097
K02000001,United Kingdom,overview,2020-12-15,84701,,4170116
K02000001,United Kingdom,overview,2020-12-14,84194,,4150453
K02000001,United Kingdom,overview,2020-12-13,83688,,4139108
K02000001,United Kingdom,overview,2020-12-12,83208,,4124630
K02000001,United Kingdom,overview,2020-12-11,82720,80287,4105501
K02000001,United Kingdom,overview,2020-12-10,82229,,4084690
K02000001,United Kingdom,overview,2020-12-09,81733,,4055715
K02000001,United Kingdom,overview,2020-12-08,81285,,4039169
K02000001,United Kingdom,overview,2020-12-07,80813,,4026071
K02000001,United Kingdom,overview,2020-12-06,80347,,4015405
K02000001,United Kingdom,overview,2020-12-05,79911,,3999531
K02000001,United Kingdom,overview,2020-12-04,79504,77217,3979983
K02000001,United Kingdom,overview,2020-12-03,79005,,3957569
K02000001,United Kingdom,overview,2020-12-02,78501,,3932747
K02000001,United Kingdom,overview,2020-12-01,78087,,3908628
K02000001,United Kingdom,overview,2020-11-30,77662,,3880502
K02000001,United Kingdom,overview,2020-11-29,77197,,3847012
K02000001,United Kingdom,overview,2020-11-28,76696,,3820941
K02000001,United Kingdom,overview,2020-11-27,76210,74022,3793778
K02000001,United Kingdom,overview,2020-11-26,75750,,3764392
K02000001,United Kingdom,overview,2020-11-25,75289,,3732812
K02000001,United Kingdom,overview,2020-11-24,74790,,3702348
K02000001,United Kingdom,overview,2020-11-23,74294,,3672080
K02000001,United Kingdom,overview,2020-11-22,73786,,3644864
K02000001,United Kingdom,overview,2020-11-21,73274,,3598405
K02000001,United Kingdom,overview,2020-11-20,72776,70617,3559545
K02000001,United Kingdom,overview,2020-11-19,72291,,3521107
K02000001,United Kingdom,overview,2020-11-18,71806,,3481973
K02000001,United Kingdom,overview,2020-11-17,71292,,3454361
K02000001,United Kingdom,overview,2020-11-16,70826,,3438070
K02000001,United Kingdom,overview,2020-11-15,70395,,3421131
K02000001,United Kingdom,overview,2020-11-14,69938,,3401310
K02000001,United Kingdom,overview,2020-11-13,69479,67549,3388199
K02000001,United Kingdom,overview,2020-11-12,69029,,3369295
K02000001,United Kingdom,overview,2020-11-11,68599,,3351281
K02000001,United Kingdom,overview,2020-11-10,68190,,3324347
K02000001,United Kingdom,overview,2020-11-09,67780,,3303342
K02000001,United Kingdom,overview,2020-11-08,67287,,3284221
K02000001,United Kingdom,overview,2020-11-07,66854,,3261646
K02000001,United Kingdom,overview,2020-11-06,66437,64683,3239275
K02000001,United Kingdom,overview,2020-11-05,66020,,3221416
K02000001,United Kingdom,overview,2020-11-04,65632,,3193599
K02000001,United Kingdom,overview,2020-11-03,65292,,3173627
K02000001,United Kingdom,overview,2020-11-02,64915,,3148578
K02000001,United Kingdom,overview,2020-11-01,64577,,3119573
K02000001,United Kingdom,overview,2020-10-31,64218,,3080233
K02000001,United Kingdom,overview,2020-10-30,63878,62431,3049166
K02000001,United Kingdom,overview,2020-10-29,63526,,2998936
K02000001,United Kingdom,overview,2020-10-28,63206,,2941370
K02000001,United Kingdom,overview,2020-10-27,62925,,2886530
K02000001,United Kingdom,overview,2020-10-26,62640,,2825802
K02000001,United Kingdom,overview,2020-10-25,62358,,2785546
K02000001,United Kingdom,overview,2020-10-24,62103,,2755658
K02000001,United Kingdom,overview,2020-10-23,61884,60816,2719873
K02000001,United Kingdom,overview,2020-10-22,61659,,2684163
K02000001,United Kingdom,overview,2020-10-21,61417,,2656989
K02000001,United Kingdom,overview,2020-10-20,61185,,2628204
K02000001,United Kingdom,overview,2020-10-19,60975,,2597797
K02000001,United Kingdom,overview,2020-10-18,60782,,2571145
K02000001,United Kingdom,overview,2020-10-17,60615,,2545136
K02000001,United Kingdom,overview,2020-10-16,60429,59673,2514297
K02000001,United Kingdom,overview,2020-10-15,60267,,2489889
K02000001,United Kingdom,overview,2020-10-14,60115,,2463488
K02000001,United Kingdom,overview,2020-10-13,59992,,2440650
K02000001,United Kingdom,overview,2020-10-12,59873,,2416341
K02000001,United Kingdom,overview,2020-10-11,59753,,2396203
K02000001,United Kingdom,overview,2020-10-10,59625,,2374886
K02000001,United Kingdom,overview,2020-10-09,59518,58894,2350407
K02000001,United Kingdom,overview,2020-10-08,59422,,2330151
K02000001,United Kingdom,overview,2020-10-07,59325,,2315080
K02000001,United Kingdom,overview,2020-10-06,59215,,2298137
K02000001,United Kingdom,overview,2020-10-05,59131,,2273168
K02000001,United Kingdom,overview,2020-10-04,59063,,2228265
K02000001,United Kingdom,overview,2020-10-03,59000,,2201387
K02000001,United Kingdom,overview,2020-10-02,58930,58405,2167568
K02000001,United Kingdom,overview,2020-10-01,58856,,2146839
K02000001,United Kingdom,overview,2020-09-30,58785,,2119667
K02000001,United Kingdom,overview,2020-09-29,58724,,2097435
K02000001,United Kingdom,overview,2020-09-28,58676,,2069380
K02000001,United Kingdom,overview,2020-09-27,58621,,2039645
K02000001,United Kingdom,overview,2020-09-26,58565,,2000261
K02000001,United Kingdom,overview,2020-09-25,58518,58053,1977161
K02000001,United Kingdom,overview,2020-09-24,58478,,1942940
K02000001,United Kingdom,overview,2020-09-23,58444,,1919796
K02000001,United Kingdom,overview,2020-09-22,58386,,1874884
K02000001,United Kingdom,overview,2020-09-21,58347,,1848562
K02000001,United Kingdom,overview,2020-09-20,58317,,1823474
K02000001,United Kingdom,overview,2020-09-19,58277,,1797092
K02000001,United Kingdom,overview,2020-09-18,58252,57811,1773818
K02000001,United Kingdom,overview,2020-09-17,58222,,1744224
K02000001,United Kingdom,overview,2020-09-16,58184,,1716776
K02000001,United Kingdom,overview,2020-09-15,58153,,1674038
K02000001,United Kingdom,overview,2020-09-14,58127,,1614732
K02000001,United Kingdom,overview,2020-09-13,58106,,1597993
K02000001,United Kingdom,overview,2020-09-12,58086,,1585263
K02000001,United Kingdom,overview,2020-09-11,58063,57641,1577503
K02000001,United Kingdom,overview,2020-09-10,58043,,1573199
K02000001,United Kingdom,overview,2020-09-09,58027,,1561193
K02000001,United Kingdom,overview,2020-09-08,58013,,1545280
K02000001,United Kingdom,overview,2020-09-07,57997,,1528706
K02000001,United Kingdom,overview,2020-09-06,57973,,1514218
K02000001,United Kingdom,overview,2020-09-05,57960,,1491995
K02000001,United Kingdom,overview,2020-09-04,57946,57521,1469333
K02000001,United Kingdom,overview,2020-09-03,57931,,1454433
K02000001,United Kingdom,overview,2020-09-02,57922,,1435488
K02000001,United Kingdom,overview,2020-09-01,57907,,1420117
K02000001,United Kingdom,overview,2020-08-31,57896,,1412783
K02000001,United Kingdom,overview,2020-08-30,57878,,1390823
K02000001,United Kingdom,overview,2020-08-29,57867,,1376388
K02000001,United Kingdom,overview,2020-08-28,57859,57429,1365761
K02000001,United Kingdom,overview,2020-08-27,57847,,1344120
K02000001,United Kingdom,overview,2020-08-26,57835,,1325901
K02000001,United Kingdom,overview,2020-08-25,57819,,1307665
K02000001,United Kingdom,overview,2020-08-24,57797,,1290005
K02000001,United Kingdom,overview,2020-08-23,57787,,1277621
K02000001,United Kingdom,overview,2020-08-22,57770,,1259104
K02000001,United Kingdom,overview,2020-08-21,57758,57309,1252229
K02000001,United Kingdom,overview,2020-08-20,57748,,1248659
K02000001,United Kingdom,overview,2020-08-19,57732,,1241960
K02000001,United Kingdom,overview,2020-08-18,57719,,1233280
K02000001,United Kingdom,overview,2020-08-17,57704,,1229070
K02000001,United Kingdom,overview,2020-08-16,57683,,1223414
K02000001,United Kingdom,overview,2020-08-15,57668,,1217454
K02000001,United Kingdom,overview,2020-08-14,57645,57149,1211862
K02000001,United Kingdom,overview,2020-08-13,57627,,1208366
K02000001,United Kingdom,overview,2020-08-12,57604,,1204077
K02000001,United Kingdom,overview,2020-08-11,57580,,1193507
K02000001,United Kingdom,overview,2020-08-10,57560,,1180388
K02000001,United Kingdom,overview,2020-08-09,57535,,1155667
K02000001,United Kingdom,overview,2020-08-08,57516,,1143845
K02000001,United Kingdom,overview,2020-08-07,57494,56988,1127998
K02000001,United Kingdom,overview,2020-08-06,57470,,1107641
K02000001,United Kingdom,overview,2020-08-05,57449,,1086414
K02000001,United Kingdom,overview,2020-08-04,57436,,1070469
K02000001,United Kingdom,overview,2020-08-03,57409,,1053752
K02000001,United Kingdom,overview,2020-08-02,57386,,1025371
K02000001,United Kingdom,overview,2020-08-01,57369,,976217
K02000001,United Kingdom,overview,2020-07-31,57349,56812,947756
K02000001,United Kingdom,overview,2020-07-30,57318,,911431
K02000001,United Kingdom,overview,2020-07-29,57301,,866653
K02000001,United Kingdom,overview,2020-07-28,57273,,852180
K02000001,United Kingdom,overview,2020-07-27,57247,,834973
K02000001,United Kingdom,overview,2020-07-26,57229,,823198
K02000001,United Kingdom,overview,2020-07-25,57197,,811877
K02000001,United Kingdom,overview,2020-07-24,57174,56600,806075
K02000001,United Kingdom,overview,2020-07-23,57155,,799211
K02000001,United Kingdom,overview,2020-07-22,57119,,791069
K02000001,United Kingdom,overview,2020-07-21,57085,,784327
K02000001,United Kingdom,overview,2020-07-20,57054,,772994
K02000001,United Kingdom,overview,2020-07-19,57023,,763062
K02000001,United Kingdom,overview,2020-07-18,56999,,746386
K02000001,United Kingdom,overview,2020-07-17,56968,56357,741636
K02000001,United Kingdom,overview,2020-07-16,56934,,733823
K02000001,United Kingdom,overview,2020-07-15,56913,,730849
K02000001,United Kingdom,overview,2020-07-14,56872,,721934
K02000001,United Kingdom,overview,2020-07-13,56830,,715742
K02000001,United Kingdom,overview,2020-07-12,56785,,704340
K02000001,United Kingdom,overview,2020-07-11,56753,,691595
K02000001,United Kingdom,overview,2020-07-10,56715,56045,688947
K02000001,United Kingdom,overview,2020-07-09,56671,,680827
K02000001,United Kingdom,overview,2020-07-08,56610,,672594
K02000001,United Kingdom,overview,2020-07-07,56563,,661928
K02000001,United Kingdom,overview,2020-07-06,56520,,654359
K02000001,United Kingdom,overview,2020-07-05,56466,,639186
K02000001,United Kingdom,overview,2020-07-04,56414,,622187
K02000001,United Kingdom,overview,2020-07-03,56362,55639,599542
K02000001,United Kingdom,overview,2020-07-02,56314,,571707
K02000001,United Kingdom,overview,2020-07-01,56253,,541918
K02000001,United Kingdom,overview,2020-06-30,56199,,526804
K02000001,United Kingdom,overview,2020-06-29,56118,,496544
K02000001,United Kingdom,overview,2020-06-28,56049,,460799
K02000001,United Kingdom,overview,2020-06-27,55978,,433568
K02000001,United Kingdom,overview,2020-06-26,55905,55067,421653
K02000001,United Kingdom,overview,2020-06-25,55826,,405828
K02000001,United Kingdom,overview,2020-06-24,55718,,380263
K02000001,United Kingdom,overview,2020-06-23,55617,,364102
K02000001,United Kingdom,overview,2020-06-22,55520,,343330
K02000001,United Kingdom,overview,2020-06-21,55437,,326398
K02000001,United Kingdom,overview,2020-06-20,55357,,316888
K02000001,United Kingdom,overview,2020-06-19,55270,54397,299907
K02000001,United Kingdom,overview,2020-06-18,55182,,294718
K02000001,United Kingdom,overview,2020-06-17,55092,,290338
K02000001,United Kingdom,overview,2020-06-16,54987,,286653
K02000001,United Kingdom,overview,2020-06-15,54867,,283075
K02000001,United Kingdom,overview,2020-06-14,54760,,277732
K02000001,United Kingdom,overview,2020-06-13,54624,,273907
K02000001,United Kingdom,overview,2020-06-12,54523,53531,270879
K02000001,United Kingdom,overview,2020-06-11,54388,,265948
K02000001,United Kingdom,overview,2020-06-10,54267,,262008
K02000001,United Kingdom,overview,2020-06-09,54101,,257330
K02000001,United Kingdom,overview,2020-06-08,53964,,252981
K02000001,United Kingdom,overview,2020-06-07,53803,,249283
K02000001,United Kingdom,overview,2020-06-06,53640,,245645
K02000001,United Kingdom,overview,2020-06-05,53489,52302,241346
K02000001,United Kingdom,overview,2020-06-04,53305,,236014
K02000001,United Kingdom,overview,2020-06-03,53122,,230134
K02000001,United Kingdom,overview,2020-06-02,52919,,223750
K02000001,United Kingdom,overview,2020-06-01,52686,,216847
K02000001,United Kingdom,overview,2020-05-31,52487,,210396
K02000001,United Kingdom,overview,2020-05-30,52292,,202450
K02000001,United Kingdom,overview,2020-05-29,52073,50573,194930
K02000001,United Kingdom,overview,2020-05-28,51819,,183928
K02000001,United Kingdom,overview,2020-05-27,51531,,165828
K02000001,United Kingdom,overview,2020-05-26,51249,,153141
K02000001,United Kingdom,overview,2020-05-25,50949,,138807
K02000001,United Kingdom,overview,2020-05-24,50670,,127256
K02000001,United Kingdom,overview,2020-05-23,50389,,119467
K02000001,United Kingdom,overview,2020-05-22,50105,48540,107057
K02000001,United Kingdom,overview,2020-05-21,49805,,98974
K02000001,United Kingdom,overview,2020-05-20,49463,,84453
K02000001,United Kingdom,overview,2020-05-19,49110,,78037
K02000001,United Kingdom,overview,2020-05-18,48738,,69564
K02000001,United Kingdom,overview,2020-05-17,48331,,60060
K02000001,United Kingdom,overview,2020-05-16,47954,,53209
K02000001,United Kingdom,overview,2020-05-15,47535,45622,48118
K02000001,United Kingdom,overview,2020-05-14,47114,,40182
K02000001,United Kingdom,overview,2020-05-13,46649,,36611
K02000001,United Kingdom,overview,2020-05-12,46195,,33852
K02000001,United Kingdom,overview,2020-05-11,45754,,31361
K02000001,United Kingdom,overview,2020-05-10,45326,,28117
K02000001,United Kingdom,overview,2020-05-09,44832,,24716
K02000001,United Kingdom,overview,2020-05-08,44293,41363,22100
K02000001,United Kingdom,overview,2020-05-07,43724,,19044
K02000001,United Kingdom,overview,2020-05-06,43093,,16873
K02000001,United Kingdom,overview,2020-05-05,42466,,15389
K02000001,United Kingdom,overview,2020-05-04,41824,,18513
K02000001,United Kingdom,overview,2020-05-03,41148,,12136
K02000001,United Kingdom,overview,2020-05-02,40486,,11522
K02000001,United Kingdom,overview,2020-05-01,39781,36898,11522
K02000001,United Kingdom,overview,2020-04-30,38995,,10771
K02000001,United Kingdom,overview,2020-04-29,38215,,9699
K02000001,United Kingdom,overview,2020-04-28,37398,,8549
K02000001,United Kingdom,overview,2020-04-27,36597,,8307
K02000001,United Kingdom,overview,2020-04-26,35731,,6473
K02000001,United Kingdom,overview,2020-04-25,34837,,6473
K02000001,United Kingdom,overview,2020-04-24,33918,30155,6473
K02000001,United Kingdom,overview,2020-04-23,32913,,5938
K02000001,United Kingdom,overview,2020-04-22,31875,,5430
K02000001,United Kingdom,overview,2020-04-21,30773,,4943
K02000001,United Kingdom,overview,2020-04-20,29688,,4892
K02000001,United Kingdom,overview,2020-04-19,28528,,4287
K02000001,United Kingdom,overview,2020-04-18,27406,,4287
K02000001,United Kingdom,overview,2020-04-17,26217,21070,3910
K02000001,United Kingdom,overview,2020-04-16,24945,,3602
K02000001,United Kingdom,overview,2020-04-15,23623,,3180
K02000001,United Kingdom,overview,2020-04-14,22347,,3004
K02000001,United Kingdom,overview,2020-04-13,21093,,3001
K02000001,United Kingdom,overview,2020-04-12,19861,,2586
K02000001,United Kingdom,overview,2020-04-11,18483,,2399
K02000001,United Kingdom,overview,2020-04-10,17118,11517,2049
K02000001,United Kingdom,overview,2020-04-09,15799,,1695
K02000001,United Kingdom,overview,2020-04-08,14424,,1422
K02000001,United Kingdom,overview,2020-04-07,12963,,1422
K02000001,United Kingdom,overview,2020-04-06,11670,,1418
K02000001,United Kingdom,overview,2020-04-05,10500,,1327
K02000001,United Kingdom,overview,2020-04-04,9280,,822
K02000001,United Kingdom,overview,2020-04-03,8133,4589,641
K02000001,United Kingdom,overview,2020-04-02,7072,,305
K02000001,United Kingdom,overview,2020-04-01,6065,,139
K02000001,United Kingdom,overview,2020-03-31,5141,,
K02000001,United Kingdom,overview,2020-03-30,4310,,
K02000001,United Kingdom,overview,2020-03-29,3599,,
K02000001,United Kingdom,overview,2020-03-28,3013,,
K02000001,United Kingdom,overview,2020-03-27,2497,748,
K02000001,United Kingdom,overview,2020-03-26,2034,,
K02000001,United Kingdom,overview,2020-03-25,1621,,
K02000001,United Kingdom,overview,2020-03-24,1284,,
K02000001,United Kingdom,overview,2020-03-23,1021,,
K02000001,United Kingdom,overview,2020-03-22,813,,
K02000001,United Kingdom,overview,2020-03-21,630,,
K02000001,United Kingdom,overview,2020-03-20,486,124,
K02000001,United Kingdom,overview,2020-03-19,368,,
K02000001,United Kingdom,overview,2020-03-18,289,,
K02000001,United Kingdom,overview,2020-03-17,216,,
K02000001,United Kingdom,overview,2020-03-16,158,,
K02000001,United Kingdom,overview,2020-03-15,107,,
K02000001,United Kingdom,overview,2020-03-14,76,,
K02000001,United Kingdom,overview,2020-03-13,55,5,
K02000001,United Kingdom,overview,2020-03-12,39,,
K02000001,United Kingdom,overview,2020-03-11,26,,
K02000001,United Kingdom,overview,2020-03-10,19,,
K02000001,United Kingdom,overview,2020-03-09,16,,
K02000001,United Kingdom,overview,2020-03-08,11,,
K02000001,United Kingdom,overview,2020-03-07,9,,
K02000001,United Kingdom,overview,2020-03-06,9,,
K02000001,United Kingdom,overview,2020-03-05,7,,
K02000001,United Kingdom,overview,2020-03-04,5,,
K02000001,United Kingdom,overview,2020-03-03,4,,
K02000001,United Kingdom,overview,2020-03-02,4,,
K02000001,United Kingdom,overview,2020-03-01,3,,
K02000001,United Kingdom,overview,2020-02-29,3,,
K02000001,United Kingdom,overview,2020-02-28,3,,
K02000001,United Kingdom,overview,2020-02-27,3,,
K02000001,United Kingdom,overview,2020-02-26,3,,
K02000001,United Kingdom,overview,2020-02-25,3,,
K02000001,United Kingdom,overview,2020-02-24,3,,
K02000001,United Kingdom,overview,2020-02-23,3,,
K02000001,United Kingdom,overview,2020-02-22,3,,
K02000001,United Kingdom,overview,2020-02-21,2,,
K02000001,United Kingdom,overview,2020-02-20,2,,
K02000001,United Kingdom,overview,2020-02-19,2,,
K02000001,United Kingdom,overview,2020-02-18,2,,
K02000001,United Kingdom,overview,2020-02-17,2,,
K02000001,United Kingdom,overview,2020-02-16,2,,
K02000001,United Kingdom,overview,2020-02-15,2,,
K02000001,United Kingdom,overview,2020-02-14,2,,
K02000001,United Kingdom,overview,2020-02-13,2,,
K02000001,United Kingdom,overview,2020-02-12,2,,
K02000001,United Kingdom,overview,2020-02-11,2,,
K02000001,United Kingdom,overview,2020-02-10,2,,
K02000001,United Kingdom,overview,2020-02-09,2,,
K02000001,United Kingdom,overview,2020-02-08,2,,
K02000001,United Kingdom,overview,2020-02-07,2,,
K02000001,United Kingdom,overview,2020-02-06,2,,
K02000001,United Kingdom,overview,2020-02-05,2,,
K02000001,United Kingdom,overview,2020-02-04,2,,
K02000001,United Kingdom,overview,2020-02-03,2,,
K02000001,United Kingdom,overview,2020-02-02,2,,
K02000001,United Kingdom,overview,2020-02-01,1,,
K02000001,United Kingdom,overview,2020-01-31,1,,
K02000001,United Kingdom,overview,2020-01-30,1,,
