date,cumDailyNsoDeathsByDeathDate,cumCases,cumDeath
2020-01-30,1.0,,1.0
2020-01-31,1.0,,2.0
2020-02-01,1.0,,3.0
2020-02-02,2.0,,5.0
2020-02-03,2.0,,7.0
2020-02-04,2.0,,9.0
2020-02-05,2.0,,11.0
2020-02-06,2.0,,13.0
2020-02-07,2.0,,15.0
2020-02-08,2.0,,17.0
2020-02-09,2.0,,19.0
2020-02-10,2.0,,21.0
2020-02-11,2.0,,23.0
2020-02-12,2.0,,25.0
2020-02-13,2.0,,27.0
2020-02-14,2.0,,29.0
2020-02-15,2.0,,31.0
2020-02-16,2.0,,33.0
2020-02-17,2.0,,35.0
2020-02-18,2.0,,37.0
2020-02-19,2.0,,39.0
2020-02-20,2.0,,41.0
2020-02-21,2.0,,43.0
2020-02-22,3.0,,46.0
2020-02-23,3.0,,49.0
2020-02-24,3.0,,52.0
2020-02-25,3.0,,55.0
2020-02-26,3.0,,58.0
2020-02-27,3.0,,61.0
2020-02-28,3.0,,64.0
2020-02-29,3.0,,67.0
2020-03-01,3.0,,70.0
2020-03-02,4.0,,74.0
2020-03-03,4.0,,78.0
2020-03-04,5.0,,83.0
2020-03-05,7.0,,90.0
2020-03-06,9.0,,99.0
2020-03-07,9.0,,108.0
2020-03-08,11.0,,119.0
2020-03-09,16.0,,135.0
2020-03-10,19.0,,154.0
2020-03-11,26.0,,180.0
2020-03-12,39.0,,219.0
2020-03-13,55.0,,274.0
2020-03-14,76.0,,350.0
2020-03-15,107.0,,457.0
2020-03-16,158.0,,615.0
2020-03-17,216.0,,831.0
2020-03-18,289.0,,1120.0
2020-03-19,368.0,,1488.0
2020-03-20,486.0,,1974.0
2020-03-21,630.0,,2604.0
2020-03-22,813.0,,3417.0
2020-03-23,1021.0,,4438.0
2020-03-24,1284.0,,5722.0
2020-03-25,1621.0,,7343.0
2020-03-26,2034.0,,9377.0
2020-03-27,2497.0,,11874.0
2020-03-28,3013.0,,14887.0
2020-03-29,3599.0,,18486.0
2020-03-30,4310.0,,22796.0
2020-03-31,5141.0,,27937.0
2020-04-01,6065.0,139.0,34002.0
2020-04-02,7072.0,305.0,41074.0
2020-04-03,8133.0,641.0,49207.0
2020-04-04,9280.0,822.0,58487.0
2020-04-05,10500.0,1327.0,68987.0
2020-04-06,11670.0,1418.0,80657.0
2020-04-07,12963.0,1422.0,93620.0
2020-04-08,14424.0,1422.0,108044.0
2020-04-09,15799.0,1695.0,123843.0
2020-04-10,17118.0,2049.0,140961.0
2020-04-11,18483.0,2399.0,159444.0
2020-04-12,19861.0,2586.0,179305.0
2020-04-13,21093.0,3001.0,200398.0
2020-04-14,22347.0,3004.0,222745.0
2020-04-15,23623.0,3180.0,246368.0
2020-04-16,24945.0,3602.0,271313.0
2020-04-17,26217.0,3910.0,297530.0
2020-04-18,27406.0,4287.0,324936.0
2020-04-19,28528.0,4287.0,353464.0
2020-04-20,29688.0,4892.0,383152.0
2020-04-21,30773.0,4943.0,413925.0
2020-04-22,31875.0,5430.0,445800.0
2020-04-23,32913.0,5938.0,478713.0
2020-04-24,33918.0,6473.0,512631.0
2020-04-25,34837.0,6473.0,547468.0
2020-04-26,35731.0,6473.0,583199.0
2020-04-27,36597.0,8307.0,619796.0
2020-04-28,37398.0,8549.0,657194.0
2020-04-29,38215.0,9699.0,695409.0
2020-04-30,38995.0,10771.0,734404.0
2020-05-01,39781.0,11522.0,774185.0
2020-05-02,40486.0,11522.0,814671.0
2020-05-03,41148.0,12136.0,855819.0
2020-05-04,41824.0,18513.0,897643.0
2020-05-05,42466.0,15389.0,940109.0
2020-05-06,43093.0,16873.0,983202.0
2020-05-07,43724.0,19044.0,1026926.0
2020-05-08,44293.0,22100.0,1071219.0
2020-05-09,44832.0,24716.0,1116051.0
2020-05-10,45326.0,28117.0,1161377.0
2020-05-11,45754.0,31361.0,1207131.0
2020-05-12,46195.0,33852.0,1253326.0
2020-05-13,46649.0,36611.0,1299975.0
2020-05-14,47114.0,40182.0,1347089.0
2020-05-15,47535.0,48118.0,1394624.0
2020-05-16,47954.0,53209.0,1442578.0
2020-05-17,48331.0,60060.0,1490909.0
2020-05-18,48738.0,69564.0,1539647.0
2020-05-19,49110.0,78037.0,1588757.0
2020-05-20,49463.0,84453.0,1638220.0
2020-05-21,49805.0,98974.0,1688025.0
2020-05-22,50105.0,107057.0,1738130.0
2020-05-23,50389.0,119467.0,1788519.0
2020-05-24,50670.0,127256.0,1839189.0
2020-05-25,50949.0,138807.0,1890138.0
2020-05-26,51249.0,153141.0,1941387.0
2020-05-27,51531.0,165828.0,1992918.0
2020-05-28,51819.0,183928.0,2044737.0
2020-05-29,52073.0,194930.0,2096810.0
2020-05-30,52292.0,202450.0,2149102.0
2020-05-31,52487.0,210396.0,2201589.0
2020-06-01,52686.0,216847.0,2254275.0
2020-06-02,52919.0,223750.0,2307194.0
2020-06-03,53122.0,230134.0,2360316.0
2020-06-04,53305.0,236014.0,2413621.0
2020-06-05,53489.0,241346.0,2467110.0
2020-06-06,53640.0,245645.0,2520750.0
2020-06-07,53803.0,249283.0,2574553.0
2020-06-08,53964.0,252981.0,2628517.0
2020-06-09,54101.0,257330.0,2682618.0
2020-06-10,54267.0,262008.0,2736885.0
2020-06-11,54388.0,265948.0,2791273.0
2020-06-12,54523.0,270879.0,2845796.0
2020-06-13,54624.0,273907.0,2900420.0
2020-06-14,54760.0,277732.0,2955180.0
2020-06-15,54867.0,283075.0,3010047.0
2020-06-16,54987.0,286653.0,3065034.0
2020-06-17,55092.0,290338.0,3120126.0
2020-06-18,55182.0,294718.0,3175308.0
2020-06-19,55270.0,299907.0,3230578.0
2020-06-20,55357.0,316888.0,3285935.0
2020-06-21,55437.0,326398.0,3341372.0
2020-06-22,55520.0,343330.0,3396892.0
2020-06-23,55617.0,364102.0,3452509.0
2020-06-24,55718.0,380263.0,3508227.0
2020-06-25,55826.0,405828.0,3564053.0
2020-06-26,55905.0,421653.0,3619958.0
2020-06-27,55978.0,433568.0,3675936.0
2020-06-28,56049.0,460799.0,3731985.0
2020-06-29,56118.0,496544.0,3788103.0
2020-06-30,56199.0,526804.0,3844302.0
2020-07-01,56253.0,541918.0,3900555.0
2020-07-02,56314.0,571707.0,3956869.0
2020-07-03,56362.0,599542.0,4013231.0
2020-07-04,56414.0,622187.0,4069645.0
2020-07-05,56466.0,639186.0,4126111.0
2020-07-06,56520.0,654359.0,4182631.0
2020-07-07,56563.0,661928.0,4239194.0
2020-07-08,56610.0,672594.0,4295804.0
2020-07-09,56671.0,680827.0,4352475.0
2020-07-10,56715.0,688947.0,4409190.0
2020-07-11,56753.0,691595.0,4465943.0
2020-07-12,56785.0,704340.0,4522728.0
2020-07-13,56830.0,715742.0,4579558.0
2020-07-14,56872.0,721934.0,4636430.0
2020-07-15,56913.0,730849.0,4693343.0
2020-07-16,56934.0,733823.0,4750277.0
2020-07-17,56968.0,741636.0,4807245.0
2020-07-18,56999.0,746386.0,4864244.0
2020-07-19,57023.0,763062.0,4921267.0
2020-07-20,57054.0,772994.0,4978321.0
2020-07-21,57085.0,784327.0,5035406.0
2020-07-22,57119.0,791069.0,5092525.0
2020-07-23,57155.0,799211.0,5149680.0
2020-07-24,57174.0,806075.0,5206854.0
2020-07-25,57197.0,811877.0,5264051.0
2020-07-26,57229.0,823198.0,5321280.0
2020-07-27,57247.0,834973.0,5378527.0
2020-07-28,57273.0,852180.0,5435800.0
2020-07-29,57301.0,866653.0,5493101.0
2020-07-30,57318.0,911431.0,5550419.0
2020-07-31,57349.0,947756.0,5607768.0
2020-08-01,57369.0,976217.0,5665137.0
2020-08-02,57386.0,1025371.0,5722523.0
2020-08-03,57409.0,1053752.0,5779932.0
2020-08-04,57436.0,1070469.0,5837368.0
2020-08-05,57449.0,1086414.0,5894817.0
2020-08-06,57470.0,1107641.0,5952287.0
2020-08-07,57494.0,1127998.0,6009781.0
2020-08-08,57516.0,1143845.0,6067297.0
2020-08-09,57535.0,1155667.0,6124832.0
2020-08-10,57560.0,1180388.0,6182392.0
2020-08-11,57580.0,1193507.0,6239972.0
2020-08-12,57604.0,1204077.0,6297576.0
2020-08-13,57627.0,1208366.0,6355203.0
2020-08-14,57645.0,1211862.0,6412848.0
2020-08-15,57668.0,1217454.0,6470516.0
2020-08-16,57683.0,1223414.0,6528199.0
2020-08-17,57704.0,1229070.0,6585903.0
2020-08-18,57719.0,1233280.0,6643622.0
2020-08-19,57732.0,1241960.0,6701354.0
2020-08-20,57748.0,1248659.0,6759102.0
2020-08-21,57758.0,1252229.0,6816860.0
2020-08-22,57770.0,1259104.0,6874630.0
2020-08-23,57787.0,1277621.0,6932417.0
2020-08-24,57797.0,1290005.0,6990214.0
2020-08-25,57819.0,1307665.0,7048033.0
2020-08-26,57835.0,1325901.0,7105868.0
2020-08-27,57847.0,1344120.0,7163715.0
2020-08-28,57859.0,1365761.0,7221574.0
2020-08-29,57867.0,1376388.0,7279441.0
2020-08-30,57878.0,1390823.0,7337319.0
2020-08-31,57896.0,1412783.0,7395215.0
2020-09-01,57907.0,1420117.0,7453122.0
2020-09-02,57922.0,1435488.0,7511044.0
2020-09-03,57931.0,1454433.0,7568975.0
2020-09-04,57946.0,1469333.0,7626921.0
2020-09-05,57960.0,1491995.0,7684881.0
2020-09-06,57973.0,1514218.0,7742854.0
2020-09-07,57997.0,1528706.0,7800851.0
2020-09-08,58013.0,1545280.0,7858864.0
2020-09-09,58027.0,1561193.0,7916891.0
2020-09-10,58043.0,1573199.0,7974934.0
2020-09-11,58063.0,1577503.0,8032997.0
2020-09-12,58086.0,1585263.0,8091083.0
2020-09-13,58106.0,1597993.0,8149189.0
2020-09-14,58127.0,1614732.0,8207316.0
2020-09-15,58153.0,1674038.0,8265469.0
2020-09-16,58184.0,1716776.0,8323653.0
2020-09-17,58222.0,1744224.0,8381875.0
2020-09-18,58252.0,1773818.0,8440127.0
2020-09-19,58277.0,1797092.0,8498404.0
2020-09-20,58317.0,1823474.0,8556721.0
2020-09-21,58347.0,1848562.0,8615068.0
2020-09-22,58386.0,1874884.0,8673454.0
2020-09-23,58444.0,1919796.0,8731898.0
2020-09-24,58478.0,1942940.0,8790376.0
2020-09-25,58518.0,1977161.0,8848894.0
2020-09-26,58565.0,2000261.0,8907459.0
2020-09-27,58621.0,2039645.0,8966080.0
2020-09-28,58676.0,2069380.0,9024756.0
2020-09-29,58724.0,2097435.0,9083480.0
2020-09-30,58785.0,2119667.0,9142265.0
2020-10-01,58856.0,2146839.0,9201121.0
2020-10-02,58930.0,2167568.0,9260051.0
2020-10-03,59000.0,2201387.0,9319051.0
2020-10-04,59063.0,2228265.0,9378114.0
2020-10-05,59131.0,2273168.0,9437245.0
2020-10-06,59215.0,2298137.0,9496460.0
2020-10-07,59325.0,2315080.0,9555785.0
2020-10-08,59422.0,2330151.0,9615207.0
2020-10-09,59518.0,2350407.0,9674725.0
2020-10-10,59625.0,2374886.0,9734350.0
2020-10-11,59753.0,2396203.0,9794103.0
2020-10-12,59873.0,2416341.0,9853976.0
2020-10-13,59992.0,2440650.0,9913968.0
2020-10-14,60115.0,2463488.0,9974083.0
2020-10-15,60267.0,2489889.0,10034350.0
2020-10-16,60429.0,2514297.0,10094779.0
2020-10-17,60615.0,2545136.0,10155394.0
2020-10-18,60782.0,2571145.0,10216176.0
2020-10-19,60975.0,2597797.0,10277151.0
2020-10-20,61185.0,2628204.0,10338336.0
2020-10-21,61417.0,2656989.0,10399753.0
2020-10-22,61659.0,2684163.0,10461412.0
2020-10-23,61884.0,2719873.0,10523296.0
2020-10-24,62103.0,2755658.0,10585399.0
2020-10-25,62358.0,2785546.0,10647757.0
2020-10-26,62640.0,2825802.0,10710397.0
2020-10-27,62925.0,2886530.0,10773322.0
2020-10-28,63206.0,2941370.0,10836528.0
2020-10-29,63526.0,2998936.0,10900054.0
2020-10-30,63878.0,3049166.0,10963932.0
2020-10-31,64218.0,3080233.0,11028150.0
2020-11-01,64577.0,3119573.0,11092727.0
2020-11-02,64915.0,3148578.0,11157642.0
2020-11-03,65292.0,3173627.0,11222934.0
2020-11-04,65632.0,3193599.0,11288566.0
2020-11-05,66020.0,3221416.0,11354586.0
2020-11-06,66437.0,3239275.0,11421023.0
2020-11-07,66854.0,3261646.0,11487877.0
2020-11-08,67287.0,3284221.0,11555164.0
2020-11-09,67780.0,3303342.0,11622944.0
2020-11-10,68190.0,3324347.0,11691134.0
2020-11-11,68599.0,3351281.0,11759733.0
2020-11-12,69029.0,3369295.0,11828762.0
2020-11-13,69479.0,3388199.0,11898241.0
2020-11-14,69938.0,3401310.0,11968179.0
2020-11-15,70395.0,3421131.0,12038574.0
2020-11-16,70826.0,3438070.0,12109400.0
2020-11-17,71292.0,3454361.0,12180692.0
2020-11-18,71806.0,3481973.0,12252498.0
2020-11-19,72291.0,3521107.0,12324789.0
2020-11-20,72776.0,3559545.0,12397565.0
2020-11-21,73274.0,3598405.0,12470839.0
2020-11-22,73786.0,3644864.0,12544625.0
2020-11-23,74294.0,3672080.0,12618919.0
2020-11-24,74790.0,3702348.0,12693709.0
2020-11-25,75289.0,3732812.0,12768998.0
2020-11-26,75750.0,3764392.0,12844748.0
2020-11-27,76210.0,3793778.0,12920958.0
2020-11-28,76696.0,3820941.0,12997654.0
2020-11-29,77197.0,3847012.0,13074851.0
2020-11-30,77662.0,3880502.0,13152513.0
2020-12-01,78087.0,3908628.0,13230600.0
2020-12-02,78501.0,3932747.0,13309101.0
2020-12-03,79005.0,3957569.0,13388106.0
2020-12-04,79504.0,3979983.0,13467610.0
2020-12-05,79911.0,3999531.0,13547521.0
2020-12-06,80347.0,4015405.0,13627868.0
2020-12-07,80813.0,4026071.0,13708681.0
2020-12-08,81285.0,4039169.0,13789966.0
2020-12-09,81733.0,4055715.0,13871699.0
2020-12-10,82229.0,4084690.0,13953928.0
2020-12-11,82720.0,4105501.0,14036648.0
2020-12-12,83208.0,4124630.0,14119856.0
2020-12-13,83688.0,4139108.0,14203544.0
2020-12-14,84194.0,4150453.0,14287738.0
2020-12-15,84701.0,4170116.0,14372439.0
2020-12-16,85185.0,4186097.0,14457624.0
2020-12-17,85752.0,4197422.0,14543376.0
2020-12-18,86338.0,4216265.0,14629714.0
2020-12-19,86886.0,4227256.0,14716600.0
2020-12-20,87437.0,4254718.0,14804037.0
2020-12-21,88039.0,4274464.0,14892076.0
2020-12-22,88668.0,4289426.0,14980744.0
2020-12-23,89297.0,4307471.0,15070041.0
2020-12-24,89913.0,4307543.0,15159954.0
2020-12-25,90568.0,4307543.0,15250522.0
2020-12-26,91260.0,4307543.0,15341782.0
2020-12-27,91978.0,4307543.0,15433760.0
2020-12-28,92701.0,4313641.0,15526461.0
2020-12-29,93414.0,4335604.0,15619875.0
2020-12-30,94174.0,4355395.0,15714049.0
2020-12-31,94998.0,4355485.0,15809047.0
2021-01-01,95807.0,4374324.0,15904854.0
2021-01-02,96640.0,4375496.0,16001494.0
2021-01-03,97447.0,4387304.0,16098941.0
2021-01-04,98343.0,4400824.0,16197284.0
2021-01-05,99316.0,4415937.0,16296600.0
2021-01-06,100330.0,4438753.0,16396930.0
2021-01-07,101386.0,4459779.0,16498316.0
2021-01-08,102438.0,4492777.0,16600754.0
2021-01-09,103532.0,4532068.0,16704286.0
2021-01-10,104705.0,4575760.0,16808991.0
2021-01-11,105949.0,4595158.0,16914940.0
2021-01-12,107269.0,4655403.0,17022209.0
2021-01-13,108578.0,4689919.0,17130787.0
2021-01-14,109919.0,4724460.0,17240706.0
2021-01-15,111243.0,4747145.0,17351949.0
2021-01-16,112662.0,4769675.0,17464611.0
2021-01-17,114023.0,4791267.0,17578634.0
2021-01-18,115424.0,4811185.0,17694058.0
2021-01-19,116914.0,4841514.0,17810972.0
2021-01-20,118297.0,4866501.0,17929269.0
2021-01-21,119647.0,4888150.0,18048916.0
2021-01-22,120982.0,4908727.0,18169898.0
2021-01-23,122270.0,4929176.0,18292168.0
2021-01-24,123509.0,4946901.0,18415677.0
2021-01-25,124772.0,4960201.0,18540449.0
2021-01-26,125945.0,5030341.0,18666394.0
2021-01-27,127177.0,5095852.0,18793571.0
2021-01-28,128401.0,5137782.0,18921972.0
2021-01-29,129561.0,5167919.0,19051533.0
2021-01-30,130587.0,5196440.0,19182120.0
2021-01-31,131582.0,5221899.0,19313702.0
2021-02-01,132589.0,5245177.0,19446291.0
2021-02-02,133552.0,5275120.0,19579843.0
2021-02-03,134528.0,5302061.0,19714371.0
2021-02-04,135354.0,5325171.0,19849725.0
2021-02-05,136228.0,5345335.0,19985953.0
2021-02-06,137015.0,5364173.0,20122968.0
2021-02-07,137768.0,5381564.0,20260736.0
2021-02-08,138549.0,5395430.0,20399285.0
2021-02-09,139272.0,5430916.0,20538557.0
2021-02-10,139984.0,5463204.0,20678541.0
2021-02-11,140660.0,5494422.0,20819201.0
2021-02-12,141296.0,5528455.0,20960497.0
2021-02-13,141882.0,5564209.0,21102379.0
2021-02-14,142487.0,5592750.0,21244866.0
2021-02-15,143102.0,5619334.0,21387968.0
2021-02-16,143670.0,5642513.0,21531638.0
2021-02-17,144176.0,5675881.0,21675814.0
2021-02-18,144697.0,5707185.0,21820511.0
2021-02-19,145166.0,5733276.0,21965677.0
2021-02-20,145618.0,5757230.0,22111295.0
2021-02-21,146029.0,5780767.0,22257324.0
2021-02-22,146408.0,5798040.0,22403732.0
2021-02-23,146789.0,5829546.0,22550521.0
2021-02-24,147156.0,5852504.0,22697677.0
2021-02-25,147511.0,5868020.0,22845188.0
2021-02-26,147815.0,5884457.0,22993003.0
2021-02-27,148123.0,5900705.0,23141126.0
2021-02-28,148404.0,5916737.0,23289530.0
2021-03-01,148701.0,5941229.0,23438231.0
2021-03-02,148945.0,5954330.0,23587176.0
2021-03-03,149163.0,5973827.0,23736339.0
2021-03-04,149397.0,5992164.0,23885736.0
2021-03-05,149619.0,6007566.0,24035355.0
2021-03-06,149829.0,6021159.0,24185184.0
2021-03-07,150026.0,6034090.0,24335210.0
2021-03-08,150223.0,6045655.0,24485433.0
2021-03-09,150408.0,6074036.0,24635841.0
2021-03-10,150571.0,6094997.0,24786412.0
2021-03-11,150744.0,6113344.0,24937156.0
2021-03-12,150879.0,6129763.0,25088035.0
2021-03-13,151014.0,6144214.0,25239049.0
2021-03-14,151152.0,6159088.0,25390201.0
2021-03-15,151291.0,6177419.0,25541492.0
2021-03-16,151405.0,6207756.0,25692897.0
2021-03-17,151532.0,6238795.0,25844429.0
2021-03-18,151632.0,6267273.0,25996061.0
2021-03-19,151736.0,6296232.0,26147797.0
2021-03-20,151837.0,6323450.0,26299634.0
2021-03-21,151964.0,6349252.0,26451598.0
2021-03-22,152072.0,6374527.0,26603670.0
2021-03-23,152167.0,6406937.0,26755837.0
2021-03-24,152237.0,6437508.0,26908074.0
2021-03-25,152316.0,6461598.0,27060390.0
2021-03-26,152391.0,6487152.0,27212781.0
2021-03-27,152456.0,6508244.0,27365237.0
2021-03-28,152506.0,6527839.0,27517743.0
2021-03-29,152577.0,6542860.0,27670320.0
2021-03-30,152633.0,6570711.0,27822953.0
2021-03-31,152707.0,6594173.0,27975660.0
2021-04-01,152770.0,6610400.0,28128430.0
2021-04-02,152820.0,6623118.0,28281250.0
2021-04-03,152862.0,6636021.0,28434112.0
2021-04-04,152915.0,6647068.0,28587027.0
2021-04-05,152960.0,6647627.0,28739987.0
2021-04-06,153005.0,6678294.0,28892992.0
2021-04-07,153051.0,6699382.0,29046043.0
2021-04-08,153113.0,6718893.0,29199156.0
2021-04-09,153151.0,6735072.0,29352307.0
2021-04-10,153194.0,6748585.0,29505501.0
2021-04-11,153235.0,6760059.0,29658736.0
2021-04-12,153273.0,6772671.0,29812009.0
2021-04-13,153320.0,6785039.0,29965329.0
2021-04-14,153355.0,6805174.0,30118684.0
2021-04-15,153398.0,6819775.0,30272082.0
2021-04-16,153430.0,6831965.0,30425512.0
2021-04-17,153473.0,6845147.0,30578985.0
2021-04-18,153504.0,6850532.0,30732489.0
2021-04-19,153527.0,6884009.0,30886016.0
2021-04-20,153562.0,6920869.0,31039578.0
2021-04-21,153598.0,6938159.0,31193176.0
2021-04-22,153631.0,6972105.0,31346807.0
2021-04-23,153660.0,6997599.0,31500467.0
2021-04-24,153684.0,7022945.0,31654151.0
2021-04-25,153711.0,7047515.0,31807862.0
2021-04-26,153732.0,7072020.0,31961594.0
2021-04-27,153757.0,7109086.0,32115351.0
2021-04-28,153778.0,7136350.0,32269129.0
2021-04-29,153795.0,7160054.0,32422924.0
2021-04-30,153811.0,7179764.0,32576735.0
2021-05-01,153827.0,7196839.0,32730562.0
2021-05-02,153846.0,7214960.0,32884408.0
2021-05-03,153863.0,7228911.0,33038271.0
2021-05-04,153878.0,7243277.0,33192149.0
2021-05-05,153900.0,7261225.0,33346049.0
2021-05-06,153917.0,7296126.0,33499966.0
2021-05-07,153935.0,7312643.0,33653901.0
2021-05-08,153955.0,7327267.0,33807856.0
2021-05-09,153966.0,7342824.0,33961822.0
2021-05-10,153974.0,7351811.0,34115796.0
2021-05-11,153995.0,7385162.0,34269791.0
2021-05-12,154010.0,7424732.0,34423801.0
2021-05-13,154025.0,7478601.0,34577826.0
2021-05-14,154039.0,7524356.0,34731865.0
2021-05-15,154054.0,7564093.0,34885919.0
2021-05-16,154068.0,7601452.0,35039987.0
2021-05-17,154081.0,7634941.0,35194068.0
2021-05-18,154092.0,7698195.0,35348160.0
2021-05-19,154096.0,7726768.0,35502256.0
2021-05-20,154103.0,7752299.0,35656359.0
2021-05-21,154121.0,7775170.0,35810480.0
2021-05-22,154125.0,7794045.0,35964605.0
2021-05-23,154141.0,7812122.0,36118746.0
2021-05-24,154157.0,7835984.0,36272903.0
2021-05-25,154168.0,7892810.0,36427071.0
2021-05-26,154182.0,7921534.0,36581253.0
2021-05-27,154190.0,7945493.0,36735443.0
2021-05-28,154204.0,7972089.0,36889647.0
2021-05-29,154216.0,7995231.0,37043863.0
2021-05-30,154225.0,8017036.0,37198088.0
2021-05-31,154236.0,8033656.0,37352324.0
2021-06-01,154246.0,8082596.0,37506570.0
2021-06-02,154258.0,8102253.0,37660828.0
2021-06-03,154274.0,8125683.0,37815102.0
2021-06-04,154288.0,8146904.0,37969390.0
2021-06-05,154295.0,8167086.0,38123685.0
2021-06-06,154308.0,8184367.0,38277993.0
2021-06-07,154314.0,8198022.0,38432307.0
2021-06-08,154329.0,8230604.0,38586636.0
2021-06-09,154346.0,8253155.0,38740982.0
2021-06-10,154362.0,8271007.0,38895344.0
2021-06-11,154375.0,8281963.0,39049719.0
2021-06-12,154387.0,8299158.0,39204106.0
2021-06-13,154399.0,8312677.0,39358505.0
2021-06-14,154412.0,8320818.0,39512917.0
2021-06-15,154433.0,8368876.0,39667350.0
2021-06-16,154449.0,8384442.0,39821799.0
2021-06-17,154458.0,8397639.0,39976257.0
2021-06-18,154476.0,8416971.0,40130733.0
2021-06-19,154496.0,8436153.0,40285229.0
2021-06-20,154518.0,8452325.0,40439747.0
2021-06-21,154531.0,8460442.0,40594278.0
2021-06-22,154549.0,8491204.0,40748827.0
2021-06-23,154558.0,8497627.0,40903385.0
2021-06-24,154587.0,8513127.0,41057972.0
2021-06-25,154609.0,8528744.0,41212581.0
2021-06-26,154626.0,8545458.0,41367207.0
2021-06-27,154650.0,8560707.0,41521857.0
2021-06-28,154668.0,8577886.0,41676525.0
2021-06-29,154692.0,8626896.0,41831217.0
2021-06-30,154718.0,8649334.0,41985935.0
2021-07-01,154746.0,8669663.0,42140681.0
2021-07-02,154778.0,8690791.0,42295459.0
2021-07-03,154809.0,8710794.0,42450268.0
2021-07-04,154839.0,8731415.0,42605107.0
2021-07-05,154868.0,8748500.0,42759975.0
2021-07-06,154903.0,8798359.0,42914878.0
2021-07-07,154939.0,8821789.0,43069817.0
2021-07-08,154981.0,8849403.0,43224798.0
2021-07-09,155034.0,8858503.0,43379832.0
2021-07-10,155079.0,8877626.0,43534911.0
2021-07-11,155115.0,8902413.0,43690026.0
2021-07-12,155158.0,8995994.0,43845184.0
2021-07-13,155208.0,9044416.0,44000392.0
2021-07-14,155255.0,9065382.0,44155647.0
2021-07-15,155309.0,9081894.0,44310956.0
2021-07-16,155364.0,9097708.0,44466320.0
2021-07-17,155424.0,9110838.0,44621744.0
2021-07-18,155497.0,9123315.0,44777241.0
2021-07-19,155585.0,9132520.0,44932826.0
2021-07-20,155653.0,9142796.0,45088479.0
2021-07-21,155714.0,9158791.0,45244193.0
2021-07-22,155800.0,9173242.0,45399993.0
2021-07-23,155883.0,9223438.0,45555876.0
2021-07-24,155952.0,9235841.0,45711828.0
2021-07-25,156025.0,9248327.0,45867853.0
2021-07-26,156104.0,9258479.0,46023957.0
2021-07-27,156181.0,9311163.0,46180138.0
2021-07-28,156265.0,9328586.0,46336403.0
2021-07-29,156353.0,9344309.0,46492756.0
2021-07-30,156458.0,9358187.0,46649214.0
2021-07-31,156550.0,9371800.0,46805764.0
2021-08-01,156647.0,9384725.0,46962411.0
2021-08-02,156739.0,9396135.0,47119150.0
2021-08-03,156819.0,9437796.0,47275969.0
2021-08-04,156911.0,9451114.0,47432880.0
2021-08-05,157012.0,9466512.0,47589892.0
2021-08-06,157110.0,9481281.0,47747002.0
2021-08-07,157216.0,9494270.0,47904218.0
2021-08-08,157300.0,9507056.0,48061518.0
2021-08-09,157384.0,9550629.0,48218902.0
2021-08-10,157469.0,9562012.0,48376371.0
2021-08-11,157558.0,9578419.0,48533929.0
2021-08-12,157664.0,9591778.0,48691593.0
2021-08-13,157762.0,9605539.0,48849355.0
2021-08-14,157866.0,9618067.0,49007221.0
2021-08-15,157957.0,9631577.0,49165178.0
2021-08-16,158046.0,9641284.0,49323224.0
2021-08-17,158148.0,9687263.0,49481372.0
2021-08-18,158259.0,9703462.0,49639631.0
2021-08-19,158374.0,9712444.0,49798005.0
2021-08-20,158501.0,9730020.0,49956506.0
2021-08-21,158619.0,9734382.0,50115125.0
2021-08-22,158748.0,9746142.0,50273873.0
2021-08-23,158868.0,9763752.0,50432741.0
2021-08-24,158986.0,9815566.0,50591727.0
2021-08-25,159094.0,9829077.0,50750821.0
2021-08-26,159219.0,9835076.0,50910040.0
2021-08-27,159358.0,9845493.0,51069398.0
2021-08-28,159492.0,9855501.0,51228890.0
2021-08-29,159631.0,9869047.0,51388521.0
2021-08-30,159740.0,9883518.0,51548261.0
2021-08-31,159868.0,9933321.0,51708129.0
2021-09-01,159993.0,9943129.0,51868122.0
2021-09-02,160130.0,9953550.0,52028252.0
2021-09-03,160282.0,9965653.0,52188534.0
2021-09-04,160428.0,9978642.0,52348962.0
2021-09-05,160592.0,9985851.0,52509554.0
2021-09-06,160749.0,9998589.0,52670303.0
2021-09-07,160915.0,10054645.0,52831218.0
2021-09-08,161058.0,10070699.0,52992276.0
2021-09-09,161238.0,10085141.0,53153514.0
2021-09-10,161388.0,10087559.0,53314902.0
2021-09-11,161533.0,10102262.0,53476435.0
2021-09-12,161674.0,10114131.0,53638109.0
2021-09-13,161793.0,10130311.0,53799902.0
2021-09-14,161963.0,10157722.0,53961865.0
2021-09-15,162132.0,10190925.0,54123997.0
2021-09-16,162294.0,10209967.0,54286291.0
2021-09-17,162478.0,10238911.0,54448769.0
2021-09-18,162615.0,10262285.0,54611384.0
2021-09-19,162752.0,10270066.0,54774136.0
2021-09-20,162911.0,10279915.0,54937047.0
2021-09-21,163050.0,10343708.0,55100097.0
2021-09-22,163209.0,10356077.0,55263306.0
2021-09-23,163358.0,10380456.0,55426664.0
2021-09-24,163499.0,10417263.0,55590163.0
2021-09-25,163627.0,10435850.0,55753790.0
2021-09-26,163738.0,10456562.0,55917528.0
2021-09-27,163865.0,10469096.0,56081393.0
2021-09-28,163986.0,10506170.0,56245379.0
2021-09-29,164128.0,10522985.0,56409507.0
2021-09-30,164257.0,10540577.0,56573764.0
2021-10-01,164396.0,10541612.0,56738160.0
2021-10-02,164514.0,10555779.0,56902674.0
2021-10-03,164621.0,10570479.0,57067295.0
2021-10-04,164734.0,10571999.0,57232029.0
2021-10-05,164869.0,10584298.0,57396898.0
2021-10-06,164983.0,10611685.0,57561881.0
2021-10-07,165116.0,10627979.0,57726997.0
2021-10-08,165238.0,10643994.0,57892235.0
2021-10-09,165359.0,10656530.0,58057594.0
2021-10-10,165474.0,10656632.0,58223068.0
2021-10-11,165612.0,10667880.0,58388680.0
2021-10-12,165748.0,10680440.0,58554428.0
2021-10-13,165885.0,10697615.0,58720313.0
2021-10-14,166046.0,10715017.0,58886359.0
2021-10-15,166186.0,10732204.0,59052545.0
2021-10-16,166338.0,10732204.0,59218883.0
2021-10-17,166479.0,10732505.0,59385362.0
2021-10-18,166618.0,10760599.0,59551980.0
2021-10-19,166761.0,10846994.0,59718741.0
2021-10-20,166915.0,10864300.0,59885656.0
2021-10-21,167080.0,10883392.0,60052736.0
2021-10-22,167231.0,10899268.0,60219967.0
2021-10-23,167403.0,10909281.0,60387370.0
2021-10-24,167570.0,10920561.0,60554940.0
2021-10-25,167719.0,10942625.0,60722659.0
2021-10-26,167898.0,10949804.0,60890557.0
2021-10-27,168075.0,10981445.0,61058632.0
2021-10-28,168274.0,11007436.0,61226906.0
2021-10-29,168459.0,11038490.0,61395365.0
2021-10-30,168624.0,11060031.0,61563989.0
2021-10-31,168820.0,11074408.0,61732809.0
2021-11-01,169012.0,11086770.0,61901821.0
2021-11-02,169177.0,11104095.0,62070998.0
2021-11-03,169361.0,11139718.0,62240359.0
2021-11-04,169530.0,11163169.0,62409889.0
2021-11-05,169696.0,11185175.0,62579585.0
2021-11-06,169867.0,11198348.0,62749452.0
2021-11-07,170028.0,11216610.0,62919480.0
2021-11-08,170189.0,11227325.0,63089669.0
2021-11-09,170346.0,11240669.0,63260015.0
2021-11-10,170516.0,11253544.0,63430531.0
2021-11-11,170674.0,11276476.0,63601205.0
2021-11-12,170820.0,11293042.0,63772025.0
2021-11-13,170972.0,11308569.0,63942997.0
2021-11-14,171106.0,11323498.0,64114103.0
2021-11-15,171277.0,11335883.0,64285380.0
2021-11-16,171443.0,11361659.0,64456823.0
2021-11-17,171570.0,11371561.0,64628393.0
2021-11-18,171701.0,11386007.0,64800094.0
2021-11-19,171843.0,11402272.0,64971937.0
2021-11-20,171986.0,11415349.0,65143923.0
2021-11-21,172107.0,11441605.0,65316030.0
2021-11-22,172238.0,11453741.0,65488268.0
2021-11-23,172388.0,11507807.0,65660656.0
2021-11-24,172512.0,11516840.0,65833168.0
2021-11-25,172653.0,11535277.0,66005821.0
2021-11-26,172785.0,11554964.0,66178606.0
2021-11-27,172909.0,11572631.0,66351515.0
2021-11-28,173053.0,11598517.0,66524568.0
2021-11-29,173197.0,11619293.0,66697765.0
2021-11-30,173319.0,11673007.0,66871084.0
2021-12-01,173457.0,11676696.0,67044541.0
2021-12-02,173580.0,11682732.0,67218121.0
2021-12-03,173727.0,11701444.0,67391848.0
2021-12-04,173890.0,11757156.0,67565738.0
2021-12-05,174007.0,11771622.0,67739745.0
2021-12-06,174150.0,11800792.0,67913895.0
2021-12-07,174282.0,11853788.0,68088177.0
2021-12-08,174415.0,11874763.0,68262592.0
2021-12-09,174547.0,11896908.0,68437139.0
2021-12-10,174669.0,11917005.0,68611808.0
2021-12-11,174778.0,11932204.0,68786586.0
2021-12-12,174915.0,11949036.0,68961501.0
2021-12-13,175028.0,11970332.0,69136529.0
2021-12-14,175180.0,12008691.0,69311709.0
2021-12-15,175300.0,12017179.0,69487009.0
2021-12-16,175418.0,12030675.0,69662427.0
2021-12-17,175549.0,12043390.0,69837976.0
2021-12-18,175656.0,12052279.0,70013632.0
2021-12-19,175773.0,12066952.0,70189405.0
2021-12-20,175909.0,12088610.0,70365314.0
2021-12-21,176021.0,12133018.0,70541335.0
2021-12-22,176157.0,12138354.0,70717492.0
2021-12-23,176293.0,12152361.0,70893785.0
2021-12-24,176410.0,12162620.0,71070195.0
2021-12-25,176522.0,12179963.0,71246717.0
2021-12-26,176638.0,12187454.0,71423355.0
2021-12-27,176771.0,12188539.0,71600126.0
2021-12-28,176933.0,12192849.0,71777059.0
2021-12-29,177065.0,12196292.0,71954124.0
2021-12-30,177242.0,12211315.0,72131366.0
2021-12-31,177397.0,12227205.0,72308763.0
2022-01-01,177573.0,12237695.0,72486336.0
2022-01-02,177743.0,12256973.0,72664079.0
2022-01-03,177922.0,12258546.0,72842001.0
2022-01-04,178125.0,12320323.0,73020126.0
2022-01-05,178306.0,12324062.0,73198432.0
2022-01-06,178526.0,12334458.0,73376958.0
2022-01-07,178755.0,12346756.0,73555713.0
2022-01-08,178971.0,12362632.0,73734684.0
2022-01-09,179213.0,12392712.0,73913897.0
2022-01-10,179455.0,12475042.0,74093352.0
2022-01-11,179688.0,12499753.0,74273040.0
2022-01-12,179926.0,12528905.0,74452966.0
2022-01-13,180168.0,12553983.0,74633134.0
2022-01-14,180403.0,12584654.0,74813537.0
2022-01-15,180662.0,12610373.0,74994199.0
2022-01-16,180919.0,12637395.0,75175118.0
2022-01-17,181151.0,12652039.0,75356269.0
2022-01-18,181384.0,12714575.0,75537653.0
2022-01-19,181605.0,12739416.0,75719258.0
2022-01-20,181806.0,12763825.0,75901064.0
2022-01-21,182054.0,12777458.0,76083118.0
2022-01-22,182277.0,12802488.0,76265395.0
2022-01-23,182495.0,12820470.0,76447890.0
2022-01-24,182722.0,12832911.0,76630612.0
2022-01-25,182916.0,12846126.0,76813528.0
2022-01-26,183112.0,12861715.0,76996640.0
2022-01-27,183331.0,12878966.0,77179971.0
2022-01-28,183533.0,12952376.0,77363504.0
2022-01-29,183714.0,12964197.0,77547218.0
2022-01-30,183905.0,12980861.0,77731123.0
2022-01-31,184112.0,12996054.0,77915235.0
2022-02-01,184319.0,13008985.0,78099554.0
2022-02-02,184506.0,13028668.0,78284060.0
2022-02-03,184696.0,13048013.0,78468756.0
2022-02-04,184855.0,13064930.0,78653611.0
2022-02-05,185028.0,13080315.0,78838639.0
2022-02-06,185186.0,13097369.0,79023825.0
2022-02-07,185326.0,13160795.0,79209151.0
2022-02-08,185485.0,13173989.0,79394636.0
2022-02-09,185629.0,13239410.0,79580265.0
2022-02-10,185753.0,13258307.0,79766018.0
2022-02-11,185895.0,13281381.0,79951913.0
2022-02-12,186039.0,13300007.0,80137952.0
2022-02-13,186166.0,13319650.0,80324118.0
2022-02-14,186323.0,13331738.0,80510441.0
2022-02-15,186456.0,13356284.0,80696897.0
2022-02-16,186588.0,13383220.0,80883485.0
2022-02-17,186713.0,13415120.0,81070198.0
2022-02-18,186840.0,13438695.0,81257038.0
2022-02-19,186961.0,13453419.0,81443999.0
2022-02-20,187087.0,13466715.0,81631086.0
2022-02-21,187197.0,13480317.0,81818283.0
2022-02-22,187317.0,13495974.0,82005600.0
2022-02-23,187434.0,13519029.0,82193034.0
2022-02-24,187560.0,13535329.0,82380594.0
2022-02-25,187681.0,13550573.0,82568275.0
2022-02-26,187784.0,13567110.0,82756059.0
2022-02-27,187903.0,13582205.0,82943962.0
2022-02-28,188008.0,13593996.0,83131970.0
2022-03-01,188114.0,13642508.0,83320084.0
2022-03-02,188259.0,13662681.0,83508343.0
2022-03-03,188365.0,13679725.0,83696708.0
2022-03-04,188476.0,13692387.0,83885184.0
2022-03-05,188577.0,13704049.0,84073761.0
2022-03-06,188671.0,13717564.0,84262432.0
2022-03-07,188795.0,13729793.0,84451227.0
2022-03-08,188914.0,13771326.0,84640141.0
2022-03-09,189021.0,13786616.0,84829162.0
2022-03-10,189135.0,13804471.0,85018297.0
2022-03-11,189256.0,13814779.0,85207553.0
2022-03-12,189378.0,13830567.0,85396931.0
2022-03-13,189489.0,13857955.0,85586420.0
2022-03-14,189630.0,13871943.0,85776050.0
2022-03-15,189751.0,13923725.0,85965801.0
2022-03-16,189897.0,13956836.0,86155698.0
2022-03-17,190035.0,13981243.0,86345733.0
2022-03-18,190205.0,13998311.0,86535938.0
2022-03-19,190370.0,14012823.0,86726308.0
2022-03-20,190544.0,14034990.0,86916852.0
2022-03-21,190705.0,14048720.0,87107557.0
2022-03-22,190872.0,14093268.0,87298429.0
2022-03-23,191030.0,14123373.0,87489459.0
2022-03-24,191194.0,14141249.0,87680653.0
2022-03-25,191375.0,14161224.0,87872028.0
2022-03-26,191537.0,14176077.0,88063565.0
2022-03-27,191695.0,14191622.0,88255260.0
2022-03-28,191871.0,14204878.0,88447131.0
2022-03-29,192066.0,14260135.0,88639197.0
2022-03-30,192247.0,14280079.0,88831444.0
2022-03-31,192439.0,14297414.0,89023883.0
2022-04-01,192643.0,14317863.0,89216526.0
2022-04-02,192833.0,14331017.0,89409359.0
2022-04-03,193022.0,14343800.0,89602381.0
2022-04-04,193198.0,14353532.0,89795579.0
2022-04-05,193399.0,14396049.0,89988978.0
2022-04-06,193594.0,14408962.0,90182572.0
2022-04-07,193825.0,14422112.0,90376397.0
2022-04-08,194062.0,14434515.0,90570459.0
2022-04-09,194235.0,14443852.0,90764694.0
2022-04-10,194432.0,14455684.0,90959126.0
2022-04-11,194617.0,14465300.0,91153743.0
2022-04-12,194815.0,14474052.0,91348558.0
2022-04-13,195035.0,14491768.0,91543593.0
2022-04-14,195226.0,14507776.0,91738819.0
2022-04-15,195397.0,14521015.0,91934216.0
2022-04-16,195561.0,14533127.0,92129777.0
2022-04-17,195722.0,14544095.0,92325499.0
2022-04-18,195896.0,14544387.0,92521395.0
2022-04-19,196053.0,14580853.0,92717448.0
2022-04-20,196214.0,14594226.0,92913662.0
2022-04-21,196375.0,14611655.0,93110037.0
2022-04-22,196528.0,14627730.0,93306565.0
2022-04-23,196673.0,14641137.0,93503238.0
2022-04-24,196803.0,14654595.0,93700041.0
2022-04-25,196932.0,14667040.0,93896973.0
2022-04-26,197058.0,14733852.0,94094031.0
2022-04-27,197191.0,14747891.0,94291222.0
2022-04-28,197321.0,14762374.0,94488543.0
2022-04-29,197429.0,14774777.0,94685972.0
2022-04-30,197536.0,14785718.0,94883508.0
2022-05-01,197650.0,14794928.0,95081158.0
2022-05-02,197758.0,14807410.0,95278916.0
2022-05-03,197865.0,14837597.0,95476781.0
2022-05-04,197955.0,14847842.0,95674736.0
2022-05-05,198040.0,14860992.0,95872776.0
2022-05-06,198137.0,14873240.0,96070913.0
2022-05-07,198240.0,14883093.0,96269153.0
2022-05-08,198322.0,14893030.0,96467475.0
2022-05-09,198404.0,14900828.0,96665879.0
2022-05-10,198504.0,14909725.0,96864383.0
2022-05-11,198583.0,14923100.0,97062966.0
2022-05-12,198653.0,14934875.0,97261619.0
2022-05-13,198725.0,14946357.0,97460344.0
2022-05-14,198790.0,14957212.0,97659134.0
2022-05-15,198863.0,14968067.0,97857997.0
2022-05-16,198929.0,14975600.0,98056926.0
2022-05-17,199001.0,14982963.0,98255927.0
2022-05-18,199047.0,14995607.0,98454974.0
2022-05-19,199093.0,15007969.0,98654067.0
2022-05-20,199165.0,15020311.0,98853232.0
2022-05-21,199214.0,15030595.0,99052446.0
2022-05-22,199272.0,15040900.0,99251718.0
2022-05-23,199335.0,15048680.0,99451053.0
2022-05-24,199386.0,15056630.0,99650439.0
2022-05-25,199420.0,15069702.0,99849859.0
2022-05-26,199465.0,15082444.0,100049324.0
2022-05-27,199510.0,15093630.0,100248834.0
2022-05-28,199544.0,15104372.0,100448378.0
2022-05-29,199573.0,15112349.0,100647951.0
2022-05-30,199624.0,15121024.0,100847575.0
2022-05-31,199674.0,15128170.0,101047249.0
2022-06-01,199700.0,15139101.0,101246949.0
2022-06-02,199747.0,15148341.0,101446696.0
2022-06-03,199775.0,15159524.0,101646471.0
2022-06-04,199814.0,15160610.0,101846285.0
2022-06-05,199844.0,15164832.0,102046129.0
2022-06-06,199886.0,15172961.0,102246015.0
2022-06-07,199919.0,15180353.0,102445934.0
2022-06-08,199961.0,15192596.0,102645895.0
2022-06-09,199988.0,15204005.0,102845883.0
2022-06-10,200032.0,15215551.0,103045915.0
2022-06-11,200065.0,15224312.0,103245980.0
2022-06-12,200108.0,15232553.0,103446088.0
2022-06-13,200148.0,15241877.0,103646236.0
2022-06-14,200183.0,15248415.0,103846419.0
2022-06-15,200228.0,15260743.0,104046647.0
2022-06-16,200284.0,15271516.0,104246931.0
2022-06-17,200328.0,15281893.0,104447259.0
2022-06-18,200372.0,15289291.0,104647631.0
2022-06-19,200417.0,15297119.0,104848048.0
2022-06-20,200465.0,15302753.0,105048513.0
2022-06-21,200523.0,15308947.0,105249036.0
2022-06-22,200596.0,15319027.0,105449632.0
2022-06-23,200658.0,15327940.0,105650290.0
2022-06-24,200705.0,15337727.0,105850995.0
2022-06-25,200776.0,15345903.0,106051771.0
2022-06-26,200844.0,15353945.0,106252615.0
2022-06-27,200908.0,15359324.0,106453523.0
2022-06-28,200980.0,15366556.0,106654503.0
2022-06-29,201064.0,15374957.0,106855567.0
2022-06-30,201140.0,15385666.0,107056707.0
2022-07-01,201218.0,15391778.0,107257925.0
2022-07-02,201308.0,15399389.0,107459233.0
2022-07-03,201376.0,15399389.0,107660609.0
2022-07-04,201467.0,15405756.0,107862076.0
2022-07-05,201569.0,15417403.0,108063645.0
2022-07-06,201684.0,15423539.0,108265329.0
2022-07-07,201786.0,15431934.0,108467115.0
2022-07-08,201894.0,15439398.0,108669009.0
2022-07-09,201999.0,15439398.0,108871008.0
2022-07-10,202116.0,15448030.0,109073124.0
2022-07-11,202242.0,15458956.0,109275366.0
2022-07-12,202393.0,15467406.0,109477759.0
2022-07-13,202528.0,15474578.0,109680287.0
2022-07-14,202654.0,15482588.0,109882941.0
2022-07-15,202758.0,15485575.0,110085699.0
2022-07-16,202873.0,15485575.0,110288572.0
2022-07-17,203031.0,15489942.0,110491603.0
2022-07-18,203157.0,15498092.0,110694760.0
2022-07-19,203377.0,15504747.0,110898137.0
2022-07-20,203567.0,15514666.0,111101704.0
2022-07-21,203693.0,15525631.0,111305397.0
2022-07-22,203810.0,15532593.0,111509207.0
2022-07-23,203936.0,15532593.0,111713143.0
2022-07-24,204067.0,15542269.0,111917210.0
2022-07-25,204180.0,15550447.0,112121390.0
2022-07-26,204300.0,15559407.0,112325690.0
2022-07-27,204415.0,15572475.0,112530105.0
2022-07-28,204538.0,15582153.0,112734643.0
2022-07-29,204655.0,15587577.0,112939298.0
2022-07-30,204732.0,15587577.0,113144030.0
2022-07-31,204828.0,15598226.0,113348858.0
2022-08-01,204921.0,15602027.0,113553779.0
2022-08-02,205022.0,15616467.0,113758801.0
2022-08-03,205128.0,15623259.0,113963929.0
2022-08-04,205211.0,15638853.0,114169140.0
2022-08-05,205297.0,15643020.0,114374437.0
2022-08-06,205363.0,15643788.0,114579800.0
2022-08-07,205463.0,15656284.0,114785263.0
2022-08-08,205560.0,15661652.0,114990823.0
2022-08-09,205650.0,15668034.0,115196473.0
2022-08-10,205725.0,15670392.0,115402198.0
2022-08-11,205825.0,15677344.0,115608023.0
2022-08-12,205929.0,15687348.0,115813952.0
2022-08-13,206019.0,15687348.0,116019971.0
2022-08-14,206109.0,15696765.0,116226080.0
2022-08-15,206197.0,15705723.0,116432277.0
2022-08-16,206266.0,15714579.0,116638543.0
2022-08-17,206322.0,15724678.0,116844865.0
2022-08-18,206384.0,15732061.0,117051249.0
2022-08-19,206452.0,15740595.0,117257701.0
2022-08-20,206527.0,15748128.0,117464228.0
2022-08-21,206587.0,15748128.0,117670815.0
2022-08-22,206650.0,15753978.0,117877465.0
2022-08-23,206728.0,15765355.0,118084193.0
2022-08-24,206781.0,15774833.0,118290974.0
2022-08-25,206829.0,15785948.0,118497803.0
2022-08-26,206872.0,15795620.0,118704675.0
2022-08-27,206929.0,15795620.0,118911604.0
2022-08-28,206990.0,15820181.0,119118594.0
2022-08-29,207044.0,15825461.0,119325638.0
2022-08-30,207087.0,15836879.0,119532725.0
2022-08-31,207161.0,15840170.0,119739886.0
2022-09-01,207204.0,15853091.0,119947090.0
2022-09-02,207251.0,15864750.0,120154341.0
2022-09-03,207305.0,15864750.0,120361646.0
2022-09-04,207350.0,15876688.0,120568996.0
2022-09-05,207389.0,15892115.0,120776385.0
2022-09-06,207428.0,15895101.0,120983813.0
2022-09-07,207487.0,15902350.0,121191300.0
2022-09-08,207532.0,15909865.0,121398832.0
2022-09-09,207569.0,15923738.0,121606401.0
2022-09-10,207612.0,15923738.0,121814013.0
2022-09-11,207642.0,15936989.0,122021655.0
2022-09-12,207685.0,15910011.0,122229340.0
2022-09-13,207734.0,15947428.0,122437074.0
2022-09-14,207778.0,15968315.0,122644852.0
2022-09-15,207825.0,15985071.0,122852677.0
2022-09-16,207862.0,15996760.0,123060539.0
2022-09-17,207902.0,16004350.0,123268441.0
2022-09-18,207942.0,16004350.0,123476383.0
2022-09-19,207991.0,15987234.0,123684374.0
2022-09-20,208040.0,16024608.0,123892414.0
2022-09-21,208077.0,16029149.0,124100491.0
2022-09-22,208127.0,16067124.0,124308618.0
2022-09-23,208181.0,16080299.0,124516799.0
2022-09-24,208230.0,16091723.0,124725029.0
2022-09-25,208271.0,16091723.0,124933300.0
2022-09-26,208333.0,16105191.0,125141633.0
2022-09-27,208401.0,16114334.0,125350034.0
2022-09-28,208462.0,16129257.0,125558496.0
2022-09-29,208529.0,16143986.0,125767025.0
2022-09-30,208592.0,16165238.0,125975617.0
2022-10-01,208671.0,16173703.0,126184288.0
2022-10-02,208734.0,16173703.0,126393022.0
2022-10-03,208816.0,16183788.0,126601838.0
2022-10-04,208906.0,16194843.0,126810744.0
2022-10-05,209004.0,16207221.0,127019748.0
2022-10-06,209098.0,16224054.0,127228846.0
2022-10-07,209198.0,16239097.0,127438044.0
2022-10-08,209289.0,16258083.0,127647333.0
2022-10-09,209387.0,16258083.0,127856720.0
2022-10-10,209479.0,16276845.0,128066199.0
2022-10-11,209585.0,16289540.0,128275784.0
2022-10-12,209710.0,16302401.0,128485494.0
2022-10-13,209820.0,16321151.0,128695314.0
2022-10-14,209933.0,16341466.0,128905247.0
2022-10-15,210040.0,16361631.0,129115287.0
2022-10-16,210145.0,16361631.0,129325432.0
2022-10-17,210260.0,16383297.0,129535692.0
2022-10-18,210367.0,16397827.0,129746059.0
2022-10-19,210469.0,16415265.0,129956528.0
2022-10-20,210589.0,16432279.0,130167117.0
2022-10-21,210696.0,16447177.0,130377813.0
2022-10-22,210807.0,16461841.0,130588620.0
2022-10-23,210908.0,16461841.0,130799528.0
2022-10-24,211012.0,16480640.0,131010540.0
2022-10-25,211123.0,16498449.0,131221663.0
2022-10-26,211214.0,16502856.0,131432877.0
2022-10-27,211321.0,16512692.0,131644198.0
2022-10-28,211408.0,16528970.0,131855606.0
2022-10-29,211504.0,16548186.0,132067110.0
2022-10-30,211601.0,16548186.0,132278711.0
2022-10-31,211684.0,16567151.0,132490395.0
2022-11-01,211769.0,16583639.0,132702164.0
2022-11-02,211846.0,16599765.0,132914010.0
2022-11-03,211930.0,16615965.0,133125940.0
2022-11-04,212025.0,16628980.0,133337965.0
2022-11-05,212101.0,16648323.0,133550066.0
2022-11-06,212157.0,16648323.0,133762223.0
2022-11-07,212233.0,16662194.0,133974456.0
2022-11-08,212297.0,16686665.0,134186753.0
2022-11-09,212360.0,16703542.0,134399113.0
2022-11-10,212414.0,16719595.0,134611527.0
2022-11-11,212486.0,16740780.0,134824013.0
2022-11-12,212532.0,16761894.0,135036545.0
2022-11-13,212588.0,16761894.0,135249133.0
2022-11-14,212648.0,16777420.0,135461781.0
2022-11-15,212712.0,16792749.0,135674493.0
2022-11-16,212766.0,16804988.0,135887259.0
2022-11-17,212818.0,16825458.0,136100077.0
2022-11-18,212875.0,16839468.0,136312952.0
2022-11-19,212931.0,16851965.0,136525883.0
2022-11-20,212991.0,16851965.0,136738874.0
2022-11-21,213044.0,16871005.0,136951918.0
2022-11-22,213100.0,16880185.0,137165018.0
2022-11-23,213158.0,16885937.0,137378176.0
2022-11-24,213208.0,16905248.0,137591384.0
2022-11-25,213251.0,16913586.0,137804635.0
2022-11-26,213297.0,16917584.0,138017932.0
2022-11-27,213352.0,16917584.0,138231284.0
2022-11-28,213412.0,16930360.0,138444696.0
2022-11-29,213466.0,16958823.0,138658162.0
2022-11-30,213511.0,16955684.0,138871673.0
2022-12-01,213566.0,16960931.0,139085239.0
2022-12-02,213615.0,16961426.0,139298854.0
2022-12-03,213669.0,16982270.0,139512523.0
2022-12-04,213717.0,16982270.0,139726240.0
2022-12-05,213776.0,17000442.0,139940016.0
2022-12-06,213849.0,17017285.0,140153865.0
2022-12-07,213909.0,17026380.0,140367774.0
2022-12-08,213978.0,17039404.0,140581752.0
2022-12-09,214048.0,17054326.0,140795800.0
2022-12-10,214115.0,17074191.0,141009915.0
2022-12-11,214185.0,17074191.0,141224100.0
2022-12-12,214252.0,17089866.0,141438352.0
2022-12-13,214318.0,17106553.0,141652670.0
2022-12-14,214412.0,17128113.0,141867082.0
2022-12-15,214471.0,17138885.0,142081553.0
2022-12-16,214558.0,17140091.0,142296111.0
2022-12-17,214647.0,17158634.0,142510758.0
2022-12-18,214743.0,17158634.0,142725501.0
2022-12-19,214855.0,17174419.0,142940356.0
2022-12-20,214964.0,17194424.0,143155320.0
2022-12-21,215071.0,17214330.0,143370391.0
2022-12-22,215183.0,17230422.0,143585574.0
2022-12-23,215297.0,17249163.0,143800871.0
2022-12-24,215440.0,17278100.0,144016311.0
2022-12-25,215567.0,17278100.0,144231878.0
2022-12-26,215694.0,17284583.0,144447572.0
2022-12-27,215832.0,17289177.0,144663404.0
2022-12-28,215964.0,17289177.0,144879368.0
2022-12-29,216091.0,17300530.0,145095459.0
2022-12-30,216243.0,17317536.0,145311702.0
2022-12-31,216394.0,17342848.0,145528096.0
2023-01-01,216517.0,17342848.0,145744613.0
2023-01-02,216643.0,17354627.0,145961256.0
2023-01-03,216777.0,17369813.0,146178033.0
2023-01-04,216916.0,17380289.0,146394949.0
2023-01-05,217060.0,17402215.0,146612009.0
2023-01-06,217173.0,17421202.0,146829182.0
2023-01-07,217292.0,17446457.0,147046474.0
2023-01-08,217410.0,17446457.0,147263884.0
2023-01-09,217542.0,17465761.0,147481426.0
2023-01-10,217653.0,17487606.0,147699079.0
2023-01-11,217746.0,17509214.0,147916825.0
2023-01-12,217864.0,17528205.0,148134689.0
2023-01-13,217967.0,17542938.0,148352656.0
2023-01-14,218067.0,17566345.0,148570723.0
2023-01-15,218179.0,17566345.0,148788902.0
2023-01-16,218285.0,17586182.0,149007187.0
2023-01-17,218376.0,17604987.0,149225563.0
2023-01-18,218467.0,17622913.0,149444030.0
2023-01-19,218549.0,17640797.0,149662579.0
2023-01-20,218629.0,17661859.0,149881208.0
2023-01-21,218701.0,17686656.0,150099909.0
2023-01-22,218774.0,17686656.0,150318683.0
2023-01-23,218851.0,17699393.0,150537534.0
2023-01-24,218932.0,17716753.0,150756466.0
2023-01-25,218998.0,17733873.0,150975464.0
2023-01-26,219068.0,17748144.0,151194532.0
2023-01-27,219144.0,17766293.0,151413676.0
2023-01-28,219217.0,17790627.0,151632893.0
2023-01-29,219292.0,17790627.0,151852185.0
2023-01-30,219350.0,17801834.0,152071535.0
2023-01-31,219410.0,17827348.0,152290945.0
2023-02-01,219476.0,17841133.0,152510421.0
2023-02-02,219549.0,17859649.0,152729970.0
2023-02-03,219618.0,17873752.0,152949588.0
2023-02-04,219680.0,17892396.0,153169268.0
2023-02-05,219752.0,17892396.0,153389020.0
2023-02-06,219806.0,17915242.0,153608826.0
2023-02-07,219873.0,17931379.0,153828699.0
2023-02-08,219942.0,17947221.0,154048641.0
2023-02-09,220004.0,17960256.0,154268645.0
2023-02-10,220074.0,17978448.0,154488719.0
2023-02-11,220132.0,17998389.0,154708851.0
2023-02-12,220197.0,17998389.0,154929048.0
2023-02-13,220248.0,18017680.0,155149296.0
2023-02-14,220322.0,18036032.0,155369618.0
2023-02-15,220389.0,18051671.0,155590007.0
2023-02-16,220460.0,18066957.0,155810467.0
2023-02-17,220542.0,18087764.0,156031009.0
2023-02-18,220619.0,18112549.0,156251628.0
2023-02-19,220678.0,18112549.0,156472306.0
2023-02-20,220752.0,18132162.0,156693058.0
2023-02-21,220809.0,18147675.0,156913867.0
2023-02-22,220889.0,18165390.0,157134756.0
2023-02-23,220961.0,18180754.0,157355717.0
2023-02-24,221039.0,18198077.0,157576756.0
2023-02-25,221110.0,18206715.0,157797866.0
2023-02-26,221193.0,18223426.0,158019059.0
2023-02-27,221268.0,18242019.0,158240327.0
2023-02-28,221336.0,18256407.0,158461663.0
2023-03-01,221416.0,18273775.0,158683079.0
2023-03-02,221516.0,18291018.0,158904595.0
2023-03-03,221591.0,18310429.0,159126186.0
2023-03-04,,18319276.0,
2023-03-05,,18333331.0,
2023-03-06,,18347830.0,
2023-03-07,,18355748.0,
2023-03-08,,18363774.0,
2023-03-09,,18378063.0,
2023-03-10,,18390482.0,
2023-03-11,,18390539.0,
2023-03-12,,18393645.0,
2023-03-13,,18403815.0,
2023-03-14,,18408420.0,
2023-03-15,,18410693.0,
2023-03-16,,18415895.0,
2023-03-17,,18417807.0,
2023-03-18,,18419158.0,
2023-03-19,,18419158.0,
2023-03-20,,18421597.0,
2023-03-21,,18423782.0,
2023-03-22,,18425585.0,
2023-03-23,,18427403.0,
2023-03-24,,18429305.0,
2023-03-25,,18429305.0,
2023-03-26,,18429305.0,
2023-03-27,,18431230.0,
