date,cumDeath,new_cases
2020-02-25,0,1.0
2020-02-26,0,0.0
2020-02-27,0,7.0
2020-02-28,0,0.0
2020-02-29,0,10.0
2020-03-01,0,9.0
2020-03-02,0,15.0
2020-03-03,0,14.0
2020-03-04,0,34.0
2020-03-05,0,24.0
2020-03-06,1,100.0
2020-03-07,1,54.0
2020-03-08,2,69.0
2020-03-09,2,37.0
2020-03-10,5,117.0
2020-03-11,7,161.0
2020-03-12,10,0.0
2020-03-13,11,487.0
2020-03-14,14,220.0
2020-03-15,22,841.0
2020-03-16,33,0.0
2020-03-17,40,500.0
2020-03-18,48,328.0
2020-03-19,58,1047.0
2020-03-20,78,1219.0
2020-03-21,98,1281.0
2020-03-22,113,899.0
2020-03-23,141,1321.0
2020-03-24,161,1082.0
2020-03-25,196,1020.0
2020-03-26,238,914.0
2020-03-27,273,1117.0
2020-03-28,329,1148.0
2020-03-29,376,753.0
2020-03-30,434,1093.0
2020-03-31,485,683.0
2020-04-01,546,1163.0
2020-04-02,605,1059.0
2020-04-03,660,779.0
2020-04-04,719,899.0
2020-04-05,771,595.0
2020-04-06,823,557.0
2020-04-07,882,596.0
2020-04-08,946,1027.0
2020-04-09,991,771.0
2020-04-10,1046,500.0
2020-04-11,1087,556.0
2020-04-12,1141,308.0
2020-04-13,1173,273.0
2020-04-14,1209,248.0
2020-04-15,1256,400.0
2020-04-16,1298,396.0
2020-04-17,1330,346.0
2020-04-18,1366,326.0
2020-04-19,1391,336.0
2020-04-20,1432,204.0
2020-04-21,1469,119.0
2020-04-22,1497,205.0
2020-04-23,1531,228.0
2020-04-24,1554,181.0
2020-04-25,1581,217.0
2020-04-26,1594,167.0
2020-04-27,1614,103.0
2020-04-28,1637,100.0
2020-04-29,1649,143.0
2020-04-30,1665,179.0
2020-05-01,1679,119.0
2020-05-02,1688,112.0
2020-05-03,1695,88.0
2020-05-04,1702,76.0
2020-05-05,1714,28.0
2020-05-06,1719,51.0
2020-05-07,1730,66.0
2020-05-08,1738,81.0
2020-05-09,1745,44.0
2020-05-10,1754,54.0
2020-05-11,1757,39.0
2020-05-12,1758,36.0
2020-05-13,1761,33.0
2020-05-14,1763,50.0
2020-05-15,1767,51.0
2020-05-16,1768,58.0
2020-05-17,1772,15.0
2020-05-18,1778,10.0
2020-05-19,1781,21.0
2020-05-20,1781,40.0
2020-05-21,1786,36.0
2020-05-22,1788,13.0
2020-05-23,1789,18.0
2020-05-24,1790,11.0
2020-05-25,1793,10.0
2020-05-26,1795,15.0
2020-05-27,1796,15.0
2020-05-28,1796,20.0
2020-05-29,1796,32.0
2020-05-30,1796,17.0
2020-05-31,1796,17.0
2020-06-01,1796,9.0
2020-06-02,1796,3.0
2020-06-03,1796,19.0
2020-06-04,1796,20.0
2020-06-05,1796,23.0
2020-06-06,1796,20.0
2020-06-07,1798,9.0
2020-06-08,1799,7.0
2020-06-09,1799,16.0
2020-06-10,1800,23.0
2020-06-11,1800,33.0
2020-06-12,1802,19.0
2020-06-13,1802,31.0
2020-06-14,1802,23.0
2020-06-15,1802,14.0
2020-06-16,1803,23.0
2020-06-17,1805,33.0
2020-06-18,1805,13.0
2020-06-19,1805,35.0
2020-06-20,1805,8.0
2020-06-21,1806,49.0
2020-06-22,1808,18.0
2020-06-23,1808,22.0
2020-06-24,1808,44.0
2020-06-25,1808,52.0
2020-06-26,1808,58.0
2020-06-27,1808,69.0
2020-06-28,1808,62.0
2020-06-29,1809,35.0
2020-06-30,1809,62.0
2020-07-01,1810,137.0
2020-07-02,1810,116.0
2020-07-03,1810,134.0
2020-07-04,1810,97.0
2020-07-05,1810,70.0
2020-07-06,1811,47.0
2020-07-07,1811,54.0
2020-07-08,1813,129.0
2020-07-09,1813,88.0
2020-07-10,1813,104.0
2020-07-11,1813,127.0
2020-07-12,1813,66.0
2020-07-13,1813,63.0
2020-07-14,1813,70.0
2020-07-15,1814,132.0
2020-07-16,1815,142.0
2020-07-17,1815,92.0
2020-07-18,1815,110.0
2020-07-19,1815,99.0
2020-07-20,1818,43.0
2020-07-21,1819,108.0
2020-07-22,1819,141.0
2020-07-23,1821,117.0
2020-07-24,1822,154.0
2020-07-25,1822,148.0
2020-07-26,1823,110.0
2020-07-27,1824,65.0
2020-07-28,1825,132.0
2020-07-29,1825,193.0
2020-07-30,1825,220.0
2020-07-31,1827,210.0
2020-08-01,1828,180.0
2020-08-02,1828,138.0
2020-08-03,1828,66.0
2020-08-04,1829,130.0
2020-08-05,1830,181.0
2020-08-06,1831,181.0
2020-08-07,1832,161.0
2020-08-08,1833,182.0
2020-08-09,1833,152.0
2020-08-10,1834,105.0
2020-08-11,1835,187.0
2020-08-12,1835,274.0
2020-08-13,1836,234.0
2020-08-14,1836,268.0
2020-08-15,1838,253.0
2020-08-16,1838,200.0
2020-08-17,1840,128.0
2020-08-18,1840,197.0
2020-08-19,1840,311.0
2020-08-20,1840,266.0
2020-08-21,1841,306.0
2020-08-22,1842,295.0
2020-08-23,1843,276.0
2020-08-24,1844,157.0
2020-08-25,1844,202.0
2020-08-26,1844,383.0
2020-08-27,1845,361.0
2020-08-28,1845,340.0
2020-08-29,1846,376.0
2020-08-30,1847,292.0
2020-08-31,1848,163.0
2020-09-01,1848,216.0
2020-09-02,1851,370.0
2020-09-03,1851,364.0
2020-09-04,1852,405.0
2020-09-05,1853,425.0
2020-09-06,1857,444.0
2020-09-07,1857,191.0
2020-09-08,1859,245.0
2020-09-09,1862,469.0
2020-09-10,1862,405.0
2020-09-11,1866,528.0
2020-09-12,1870,465.0
2020-09-13,1870,475.0
2020-09-14,1870,257.0
2020-09-15,1871,315.0
2020-09-16,1878,514.0
2020-09-17,1883,530.0
2020-09-18,1886,488.0
2020-09-19,1890,0.0
2020-09-20,1890,0.0
2020-09-21,1893,1095.0
2020-09-22,1894,286.0
2020-09-23,1897,437.0
2020-09-24,1901,391.0
2020-09-25,1902,372.0
2020-09-26,1903,0.0
2020-09-27,1904,0.0
2020-09-28,1908,782.0
2020-09-29,1908,225.0
2020-09-30,1908,411.0
2020-10-01,1912,550.0
2020-10-02,1913,552.0
2020-10-03,1913,0.0
2020-10-04,1914,0.0
2020-10-05,1916,1548.0
2020-10-06,1918,700.0
2020-10-07,1919,1077.0
2020-10-08,1923,1172.0
2020-10-09,1925,1487.0
2020-10-10,1927,0.0
2020-10-11,1930,0.0
2020-10-12,1936,4068.0
2020-10-13,1944,1445.0
2020-10-14,1950,2823.0
2020-10-15,1956,2613.0
2020-10-16,1966,3105.0
2020-10-17,1973,0.0
2020-10-18,1981,0.0
2020-10-19,1993,8737.0
2020-10-20,2007,3008.0
2020-10-21,2023,5596.0
2020-10-22,2044,5256.0
2020-10-23,2066,6634.0
2020-10-24,2096,0.0
2020-10-25,2121,0.0
2020-10-26,2143,17440.0
2020-10-27,2179,5949.0
2020-10-28,2220,8616.0
2020-10-29,2280,9386.0
2020-10-30,2324,9207.0
2020-10-31,2378,0.0
2020-11-01,2437,0.0
2020-11-02,2504,21926.0
2020-11-03,2582,6126.0
2020-11-04,2670,10073.0
2020-11-05,2755,10128.0
2020-11-06,2839,9409.0
2020-11-07,2908,0.0
2020-11-08,2994,0.0
2020-11-09,3100,17309.0
2020-11-10,3196,5980.0
2020-11-11,3295,8270.0
2020-11-12,3392,6924.0
2020-11-13,3482,6739.0
2020-11-14,3567,0.0
2020-11-15,3658,0.0
2020-11-16,3769,12839.0
2020-11-17,3870,4560.0
2020-11-18,3967,6114.0
2020-11-19,4070,5007.0
2020-11-20,4158,4946.0
2020-11-21,4235,0.0
2020-11-22,4321,0.0
2020-11-23,4423,9751.0
2020-11-24,4517,4241.0
2020-11-25,4611,4876.0
2020-11-26,4704,4509.0
2020-11-27,4779,4312.0
2020-11-28,4857,0.0
2020-11-29,4946,0.0
2020-11-30,5053,8782.0
2020-12-01,5160,3802.0
2020-12-02,5245,4786.0
2020-12-03,5341,4455.0
2020-12-04,5418,4382.0
2020-12-05,5494,0.0
2020-12-06,5584,0.0
2020-12-07,5683,9809.0
2020-12-08,5780,4262.0
2020-12-09,5882,5086.0
2020-12-10,5970,5041.0
2020-12-11,6058,5136.0
2020-12-12,6137,0.0
2020-12-13,6235,0.0
2020-12-14,6345,10726.0
2020-12-15,6439,4271.0
2020-12-16,6560,5625.0
2020-12-17,6654,5058.0
2020-12-18,6736,4478.0
2020-12-19,6803,0.0
2020-12-20,6912,0.0
2020-12-21,7010,10002.0
2020-12-22,7110,4275.0
2020-12-23,7203,5033.0
2020-12-24,7287,4898.0
2020-12-25,7352,0.0
2020-12-26,7432,0.0
2020-12-27,7536,0.0
2020-12-28,7609,10087.0
2020-12-29,7703,4197.0
2020-12-30,7796,5424.0
2020-12-31,7873,4391.0
2021-01-01,7948,0.0
2021-01-02,8009,0.0
2021-01-03,8085,0.0
2021-01-04,8153,9665.0
2021-01-05,8221,4020.0
2021-01-06,8287,4808.0
2021-01-07,8353,3975.0
2021-01-08,8395,3219.0
2021-01-09,8459,0.0
2021-01-10,8524,0.0
2021-01-11,8587,6523.0
2021-01-12,8646,2851.0
2021-01-13,8709,3001.0
2021-01-14,8758,2474.0
2021-01-15,8831,2396.0
2021-01-16,8871,0.0
2021-01-17,8920,0.0
2021-01-18,8972,4703.0
2021-01-19,9038,2260.0
2021-01-20,9078,2727.0
2021-01-21,9128,2205.0
2021-01-22,9177,2156.0
2021-01-23,9224,0.0
2021-01-24,9272,0.0
2021-01-25,9309,4320.0
2021-01-26,9355,1884.0
2021-01-27,9392,2222.0
2021-01-28,9439,1699.0
2021-01-29,9480,1916.0
2021-01-30,9487,0.0
2021-01-31,9523,0.0
2021-02-01,9558,3775.0
2021-02-02,9584,1633.0
2021-02-03,9605,1796.0
2021-02-04,9635,1765.0
2021-02-05,9658,1584.0
2021-02-06,9688,0.0
2021-02-07,9716,0.0
2021-02-08,9629,3280.0
2021-02-09,9760,1363.0
2021-02-10,9785,1602.0
2021-02-11,9799,1356.0
2021-02-12,9815,1253.0
2021-02-13,9835,0.0
2021-02-14,9853,0.0
2021-02-15,9872,2480.0
2021-02-16,9881,1075.0
2021-02-17,9903,1253.0
2021-02-18,9913,1219.0
2021-02-19,9925,1021.0
2021-02-20,9935,0.0
2021-02-21,9946,0.0
2021-02-22,9958,2449.0
2021-02-23,9969,1131.0
2021-02-24,9980,1343.0
2021-02-25,9994,1169.0
2021-02-26,10002,1065.0
2021-02-27,10009,0.0
2021-02-28,10016,0.0
2021-03-01,10027,2560.0
2021-03-02,10035,1130.0
2021-03-03,10043,1223.0
2021-03-04,10049,1223.0
2021-03-05,10059,1222.0
2021-03-06,10067,0.0
2021-03-07,10074,0.0
2021-03-08,10083,2744.0
2021-03-09,10093,1378.0
2021-03-10,10105,1491.0
2021-03-11,10113,1409.0
2021-03-12,10120,1333.0
2021-03-13,10132,0.0
2021-03-14,10143,0.0
2021-03-15,10152,3170.0
2021-03-16,10164,1438.0
2021-03-17,10175,1858.0
2021-03-18,10181,1750.0
2021-03-19,10189,1748.0
2021-03-20,10195,0.0
2021-03-21,10202,0.0
2021-03-22,10207,3643.0
2021-03-23,10219,1844.0
2021-03-24,10229,2022.0
2021-03-25,10241,2046.0
2021-03-26,10245,2053.0
2021-03-27,10255,0.0
2021-03-28,10264,0.0
2021-03-29,10271,4573.0
2021-03-30,10285,1923.0
2021-03-31,10297,2411.0
2021-04-01,10308,1968.0
2021-04-02,10313,2250.0
2021-04-03,10323,0.0
2021-04-04,10331,0.0
2021-04-05,10351,0.0
2021-04-06,10365,4932.0
2021-04-07,10378,2301.0
2021-04-08,10383,2449.0
2021-04-09,10388,2519.0
2021-04-10,10392,0.0
2021-04-11,10401,0.0
2021-04-12,10406,5583.0
2021-04-13,10412,2241.0
2021-04-14,10422,2601.0
2021-04-15,10425,2226.0
2021-04-16,10431,2205.0
2021-04-17,10441,0.0
2021-04-18,10446,0.0
2021-04-19,10458,4905.0
2021-04-20,10465,2141.0
2021-04-21,10472,2686.0
2021-04-22,10476,2265.0
2021-04-23,10490,2113.0
2021-04-24,10495,0.0
2021-04-25,10504,0.0
2021-04-26,10513,5313.0
2021-04-27,10529,2135.0
2021-04-28,10537,2120.0
2021-04-29,10544,2066.0
2021-04-30,10555,1831.0
2021-05-01,10565,0.0
2021-05-02,10571,0.0
2021-05-03,10578,3978.0
2021-05-04,10582,1633.0
2021-05-05,10593,1795.0
2021-05-06,10598,1687.0
2021-05-07,10608,1546.0
2021-05-08,10612,0.0
2021-05-09,10618,0.0
2021-05-10,10621,3683.0
2021-05-11,10625,1375.0
2021-05-12,10628,1539.0
2021-05-13,10632,0.0
2021-05-14,10637,2300.0
2021-05-15,10639,0.0
2021-05-16,10647,0.0
2021-05-17,10650,2650.0
2021-05-18,10654,1240.0
2021-05-19,10660,1554.0
2021-05-20,10663,1198.0
2021-05-21,10671,0.0
2021-05-22,10681,1201.0
2021-05-23,10684,0.0
2021-05-24,10688,0.0
2021-05-25,10692,2770.0
2021-05-26,10693,996.0
2021-05-27,10700,992.0
2021-05-28,10705,912.0
2021-05-29,10710,0.0
2021-05-30,10710,0.0
2021-05-31,10712,1717.0
2021-06-01,10712,756.0
2021-06-02,10715,717.0
2021-06-03,10721,588.0
2021-06-04,10726,491.0
2021-06-05,10728,0.0
2021-06-06,10732,0.0
2021-06-07,10734,1077.0
2021-06-08,10738,429.0
2021-06-09,10741,0.0
2021-06-10,10745,899.0
2021-06-11,10747,354.0
2021-06-12,10748,0.0
2021-06-13,10749,0.0
2021-06-14,10749,684.0
2021-06-15,10752,243.0
2021-06-16,10757,282.0
2021-06-17,10759,194.0
2021-06-18,10761,173.0
2021-06-19,10762,0.0
2021-06-20,10764,0.0
2021-06-21,10764,367.0
2021-06-22,10765,130.0
2021-06-23,10766,154.0
2021-06-24,10769,120.0
2021-06-25,10771,109.0
2021-06-26,10771,0.0
2021-06-27,10773,0.0
2021-06-28,10773,239.0
2021-06-29,10775,129.0
2021-06-30,10773,129.0
2021-07-01,10773,172.0
2021-07-02,10773,158.0
2021-07-03,10773,0.0
2021-07-04,10774,0.0
2021-07-05,10774,449.0
2021-07-06,10774,274.0
2021-07-07,10774,295.0
2021-07-08,10774,268.0
2021-07-09,10774,323.0
2021-07-10,10774,0.0
2021-07-11,10776,0.0
2021-07-12,10776,822.0
2021-07-13,10777,483.0
2021-07-14,10777,527.0
2021-07-15,10777,582.0
2021-07-16,10777,0.0
2021-07-17,10778,619.0
2021-07-18,10778,0.0
2021-07-19,10778,1560.0
2021-07-20,10778,707.0
2021-07-21,10780,773.0
2021-07-22,10780,861.0
2021-07-23,10780,791.0
2021-07-24,10781,0.0
2021-07-25,10782,0.0
2021-07-26,10784,1746.0
2021-07-27,10787,853.0
2021-07-28,10791,771.0
2021-07-29,10793,827.0
2021-07-30,10793,800.0
2021-07-31,10793,0.0
2021-08-01,10794,0.0
2021-08-02,10794,2019.0
2021-08-03,10796,1059.0
2021-08-04,10796,1033.0
2021-08-05,10796,1025.0
2021-08-06,10797,1167.0
2021-08-07,10797,0.0
2021-08-08,10798,0.0
2021-08-09,10800,3145.0
2021-08-10,10802,1911.0
2021-08-11,10805,2124.0
2021-08-12,10807,2127.0
2021-08-13,10808,2100.0
2021-08-14,10810,0.0
2021-08-15,10813,0.0
2021-08-16,10817,5579.0
2021-08-17,10819,3152.0
2021-08-18,10821,3290.0
2021-08-19,10828,2790.0
2021-08-20,10834,2575.0
2021-08-21,10838,0.0
2021-08-22,10841,0.0
2021-08-23,10845,6223.0
2021-08-24,10853,2994.0
2021-08-25,10857,3212.0
2021-08-26,10863,2811.0
2021-08-27,10870,2764.0
2021-08-28,10878,0.0
2021-08-29,10883,0.0
2021-08-30,10895,6197.0
2021-08-31,10899,2704.0
2021-09-01,10907,3203.0
2021-09-02,10911,2827.0
2021-09-03,10918,0.0
2021-09-04,10920,0.0
2021-09-05,10927,0.0
2021-09-06,10930,0.0
2021-09-07,10927,12801.0
2021-09-08,10940,3551.0
2021-09-09,10945,3116.0
2021-09-10,10952,2894.0
2021-09-11,10951,0.0
2021-09-12,10952,0.0
2021-09-13,10967,6060.0
2021-09-14,10974,1992.0
2021-09-15,10980,2605.0
2021-09-16,10991,2267.0
2021-09-17,10999,2096.0
2021-09-18,10999,0.0
2021-09-19,11000,0.0
2021-09-20,11015,4033.0
2021-09-21,11021,1236.0
2021-09-22,11027,1904.0
2021-09-23,11034,1630.0
2021-09-24,11042,1504.0
2021-09-25,11043,0.0
2021-09-26,11043,0.0
2021-09-27,11060,3098.0
2021-09-28,11073,1286.0
2021-09-29,11079,1450.0
2021-09-30,11087,1144.0
2021-10-01,11093,1210.0
2021-10-02,11093,0.0
2021-10-03,11093,0.0
2021-10-04,11103,2636.0
2021-10-05,11107,1025.0
2021-10-06,11125,1093.0
2021-10-07,11118,1125.0
2021-10-08,11120,966.0
2021-10-09,11120,0.0
2021-10-10,11120,0.0
2021-10-11,11133,2266.0
2021-10-12,11140,926.0
2021-10-13,11146,1048.0
2021-10-14,11152,979.0
2021-10-15,11158,954.0
2021-10-16,11157,0.0
2021-10-17,11156,0.0
2021-10-18,11162,2366.0
2021-10-19,11168,1241.0
2021-10-20,11173,1448.0
2021-10-21,11178,1477.0
2021-10-22,11182,1288.0
2021-10-23,11181,0.0
2021-10-24,11182,0.0
2021-10-25,11193,3297.0
2021-10-26,11204,0.0
2021-10-27,11207,3336.0
2021-10-28,11219,1793.0
2021-10-29,11233,1721.0
2021-10-30,11233,0.0
2021-10-31,11234,0.0
2021-11-01,11242,4540.0
2021-11-02,11259,1953.0
2021-11-03,11261,2609.0
2021-11-04,11265,2937.0
2021-11-05,11273,2849.0
2021-11-06,11274,0.0
2021-11-07,11274,0.0
2021-11-08,11282,6647.0
2021-11-09,11295,2985.0
2021-11-10,11306,4150.0
2021-11-11,11309,3884.0
2021-11-12,11325,3926.0
2021-11-13,11325,0.0
2021-11-14,11326,0.0
2021-11-15,11347,9712.0
2021-11-16,11353,4297.0
2021-11-17,11356,5984.0
2021-11-18,11364,6016.0
2021-11-19,11377,6171.0
2021-11-20,11382,0.0
2021-11-21,11382,0.0
2021-11-22,11407,14592.0
2021-11-23,11416,6355.0
2021-11-24,11435,8588.0
2021-11-25,11455,8048.0
2021-11-26,11470,8033.0
2021-11-27,11470,0.0
2021-11-28,11471,0.0
2021-11-29,11500,19405.0
2021-11-30,11522,8423.0
2021-12-01,11548,10467.0
2021-12-02,11566,9546.0
2021-12-03,11591,9958.0
2021-12-04,11589,0.0
2021-12-05,11591,0.0
2021-12-06,11625,23895.0
2021-12-07,11661,9975.0
2021-12-08,11684,12425.0
2021-12-09,11716,10861.0
2021-12-10,11746,10134.0
2021-12-11,11748,0.0
2021-12-12,11749,0.0
2021-12-13,11793,23440.0
2021-12-14,11824,8171.0
2021-12-15,11854,11167.0
2021-12-16,11879,11077.0
2021-12-17,11910,9943.0
2021-12-18,11909,0.0
2021-12-19,11913,0.0
2021-12-20,11953,20487.0
2021-12-21,11981,8171.0
2021-12-22,12002,11565.0
2021-12-23,12057,11451.0
2021-12-24,12065,0.0
2021-12-25,12064,0.0
2021-12-26,12065,0.0
2021-12-27,12114,36193.0
2021-12-28,12152,13368.0
2021-12-29,12172,17636.0
2021-12-30,12206,19036.0
2021-12-31,12217,18987.0
2022-01-01,12220,0.0
2022-01-02,12227,0.0
2022-01-03,12268,38447.0
2022-01-04,12229,20752.0
2022-01-05,12303,31118.0
2022-01-06,12325,32242.0
2022-01-07,12339,28038.0
2022-01-08,12337,0.0
2022-01-09,12349,0.0
2022-01-10,12387,63665.0
2022-01-11,12409,24604.0
2022-01-12,12427,32890.0
2022-01-13,12447,29887.0
2022-01-14,12464,32183.0
2022-01-15,12469,0.0
2022-01-16,12469,0.0
2022-01-17,12515,67905.0
2022-01-18,12529,29151.0
2022-01-19,12544,38025.0
2022-01-20,12569,39795.0
2022-01-21,12579,38002.0
2022-01-22,12582,0.0
2022-01-23,12586,0.0
2022-01-24,12621,87281.0
2022-01-25,12635,36662.0
2022-01-26,12649,43203.0
2022-01-27,12666,44841.0
2022-01-28,12679,39771.0
2022-01-29,12680,0.0
2022-01-30,12684,0.0
2022-01-31,12708,89462.0
2022-02-01,12723,32749.0
2022-02-02,12749,41183.0
2022-02-03,12768,36742.0
2022-02-04,12779,33400.0
2022-02-05,12782,0.0
2022-02-06,12786,0.0
2022-02-07,12808,68652.0
2022-02-08,12865,26771.0
2022-02-09,12890,29136.0
2022-02-10,12915,26334.0
2022-02-11,12932,22228.0
2022-02-12,12933,0.0
2022-02-13,12936,0.0
2022-02-14,12963,48990.0
2022-02-15,12975,20328.0
2022-02-16,12979,21041.0
2022-02-17,13003,0.0
2022-02-18,13012,36101.0
2022-02-19,13016,0.0
2022-02-20,13016,0.0
2022-02-21,13032,32297.0
2022-02-22,13044,15127.0
2022-02-23,13062,18419.0
2022-02-24,13073,17526.0
2022-02-25,13082,17655.0
2022-02-26,13082,0.0
2022-02-27,13080,0.0
2022-02-28,13101,36733.0
2022-03-01,13110,16769.0
2022-03-02,13119,23692.0
2022-03-03,13131,23024.0
2022-03-04,13173,25132.0
2022-03-05,13174,0.0
2022-03-06,13173,0.0
2022-03-07,13193,58121.0
2022-03-08,13203,26089.0
2022-03-09,13213,33759.0
2022-03-10,13231,32131.0
2022-03-11,13265,32090.0
2022-03-12,13266,0.0
2022-03-13,13266,0.0
2022-03-14,13286,69146.0
2022-03-15,13294,29033.0
2022-03-16,13312,36038.0
2022-03-17,13322,34373.0
2022-03-18,13328,27605.0
2022-03-19,13328,0.0
2022-03-20,13423,0.0
2022-03-21,13445,60997.0
2022-03-22,13456,23804.0
2022-03-23,13483,26091.0
2022-03-24,13498,22452.0
2022-03-25,13507,17252.0
2022-03-26,13507,0.0
2022-03-27,13507,0.0
2022-03-28,13524,34336.0
2022-03-29,13534,14404.0
2022-03-30,13558,16413.0
2022-03-31,13564,12797.0
2022-04-01,13570,9810.0
2022-04-02,13572,0.0
2022-04-03,13573,0.0
2022-04-04,13582,0.0
2022-04-05,13588,21380.0
2022-04-06,13600,0.0
2022-04-07,13604,0.0
2022-04-08,13607,0.0
2022-04-09,13607,0.0
2022-04-10,13607,0.0
2022-04-11,13616,0.0
2022-04-12,13620,39927.0
2022-04-13,13620,0.0
2022-04-14,13645,0.0
2022-04-15,13647,0.0
2022-04-16,13647,0.0
2022-04-17,13647,0.0
2022-04-18,13647,0.0
2022-04-19,13664,28239.0
2022-04-20,13669,0.0
2022-04-21,13672,0.0
2022-04-22,13676,0.0
2022-04-23,13676,0.0
2022-04-24,13676,0.0
2022-04-25,13684,0.0
2022-04-26,13690,22743.0
2022-04-27,13701,0.0
2022-04-28,13710,0.0
2022-04-29,13712,0.0
2022-04-30,13712,0.0
2022-05-01,13712,0.0
2022-05-02,13714,0.0
2022-05-03,13718,16628.0
2022-05-04,13719,0.0
2022-05-05,13725,0.0
2022-05-06,13726,0.0
2022-05-07,13726,0.0
2022-05-08,13726,0.0
2022-05-09,13729,0.0
2022-05-10,13773,12929.0
2022-05-11,13778,0.0
2022-05-12,13779,0.0
2022-05-13,13781,0.0
2022-05-14,13781,0.0
2022-05-15,13781,0.0
2022-05-16,13784,0.0
2022-05-17,13790,10782.0
2022-05-18,13791,0.0
2022-05-19,13791,0.0
2022-05-20,13791,0.0
2022-05-21,13791,0.0
2022-05-22,13791,0.0
2022-05-23,13790,0.0
2022-05-24,13791,8117.0
2022-05-25,13794,0.0
2022-05-26,13794,0.0
2022-05-27,13794,0.0
2022-05-28,13794,0.0
2022-05-29,13794,0.0
2022-05-30,13799,0.0
2022-05-31,13800,6932.0
2022-06-01,13801,0.0
2022-06-02,13804,0.0
2022-06-03,13804,0.0
2022-06-04,13804,0.0
2022-06-05,13804,0.0
2022-06-06,13804,0.0
2022-06-07,13809,10295.0
2022-06-08,13813,0.0
2022-06-09,13814,0.0
2022-06-10,13814,0.0
2022-06-11,13814,0.0
2022-06-12,13814,0.0
2022-06-13,13815,0.0
2022-06-14,13817,16614.0
2022-06-15,13817,0.0
2022-06-16,13817,0.0
2022-06-17,13817,0.0
2022-06-18,13817,0.0
2022-06-19,13817,0.0
2022-06-20,13820,0.0
2022-06-21,13820,24720.0
2022-06-22,13822,0.0
2022-06-23,13822,0.0
2022-06-24,13822,0.0
2022-06-25,13822,0.0
2022-06-26,13822,0.0
2022-06-27,13824,0.0
2022-06-28,13824,33115.0
2022-06-29,13828,0.0
2022-06-30,13831,0.0
2022-07-01,13832,0.0
2022-07-02,13832,0.0
2022-07-03,13832,0.0
2022-07-04,13833,0.0
2022-07-05,13835,46044.0
2022-07-06,13841,0.0
2022-07-07,13842,0.0
2022-07-08,13842,0.0
2022-07-09,13842,0.0
2022-07-10,13842,0.0
2022-07-11,13844,0.0
2022-07-12,13848,55982.0
2022-07-13,13857,0.0
2022-07-14,13857,0.0
2022-07-15,13857,0.0
2022-07-16,13857,0.0
2022-07-17,13857,0.0
2022-07-18,13860,0.0
2022-07-19,13862,49759.0
2022-07-20,13873,0.0
2022-07-21,13874,0.0
2022-07-22,13876,0.0
2022-07-23,13876,0.0
2022-07-24,13876,0.0
2022-07-25,13877,0.0
2022-07-26,13882,37744.0
2022-07-27,13891,0.0
2022-07-28,13891,0.0
2022-07-29,13891,0.0
2022-07-30,13891,0.0
2022-07-31,13891,0.0
2022-08-01,13891,0.0
2022-08-02,13900,23363.0
2022-08-03,13917,0.0
2022-08-04,13918,0.0
2022-08-05,13918,0.0
2022-08-06,13918,0.0
2022-08-07,13918,0.0
2022-08-08,13920,0.0
2022-08-09,13925,21775.0
2022-08-10,13938,0.0
2022-08-11,13938,0.0
2022-08-12,13939,0.0
2022-08-13,13939,0.0
2022-08-14,13939,0.0
2022-08-15,13939,0.0
2022-08-16,13946,18213.0
2022-08-17,13951,0.0
2022-08-18,13951,0.0
2022-08-19,13953,0.0
2022-08-20,13953,0.0
2022-08-21,13953,0.0
2022-08-22,13955,0.0
2022-08-23,13958,17047.0
2022-08-24,13966,0.0
2022-08-25,13966,0.0
2022-08-26,13966,0.0
2022-08-27,13966,0.0
2022-08-28,13966,0.0
2022-08-29,13967,0.0
2022-08-30,13969,15354.0
2022-08-31,13974,0.0
2022-09-01,13974,0.0
2022-09-02,13974,0.0
2022-09-03,13975,0.0
2022-09-04,13975,0.0
2022-09-05,13975,0.0
2022-09-06,13976,14521.0
2022-09-07,13986,0.0
2022-09-08,13986,0.0
2022-09-09,13987,0.0
2022-09-10,13987,0.0
2022-09-11,13987,0.0
2022-09-12,13988,0.0
2022-09-13,13992,13816.0
2022-09-14,13992,0.0
2022-09-15,13992,0.0
2022-09-16,13992,0.0
2022-09-17,13992,0.0
2022-09-18,13992,0.0
2022-09-19,13995,0.0
2022-09-20,13996,13739.0
2022-09-21,13998,0.0
2022-09-22,13998,0.0
2022-09-23,13998,0.0
2022-09-24,13998,0.0
2022-09-25,13998,0.0
2022-09-26,14001,0.0
2022-09-27,14001,16872.0
2022-09-28,14008,0.0
2022-09-29,14008,0.0
2022-09-30,14009,0.0
2022-10-01,14009,0.0
2022-10-02,14009,0.0
2022-10-03,14009,0.0
2022-10-04,14010,25137.0
2022-10-05,14017,0.0
2022-10-06,14017,0.0
2022-10-07,14017,0.0
2022-10-08,14017,0.0
2022-10-09,14017,0.0
2022-10-10,14019,0.0
2022-10-11,14020,35589.0
2022-10-12,14021,0.0
2022-10-13,14022,0.0
2022-10-14,14022,0.0
2022-10-15,14022,0.0
2022-10-16,14022,0.0
2022-10-17,14025,0.0
2022-10-18,14031,0.0
2022-10-19,14041,0.0
2022-10-20,14041,37026.0
2022-10-21,14042,0.0
2022-10-22,14042,0.0
2022-10-23,14042,0.0
2022-10-24,14046,0.0
2022-10-25,14055,30311.0
2022-10-26,14061,0.0
2022-10-27,14062,0.0
2022-10-28,14062,0.0
2022-10-29,14062,0.0
2022-10-30,14062,0.0
2022-10-31,14065,0.0
2022-11-01,14070,23869.0
2022-11-02,14080,0.0
2022-11-03,14081,0.0
2022-11-04,14081,0.0
2022-11-05,14081,0.0
2022-11-06,14081,0.0
2022-11-07,14085,0.0
2022-11-08,14089,20957.0
2022-11-09,14097,0.0
2022-11-10,14097,0.0
2022-11-11,14097,0.0
2022-11-12,14097,0.0
2022-11-13,14097,0.0
2022-11-14,14098,0.0
2022-11-15,14101,20787.0
2022-11-16,14110,0.0
2022-11-17,14110,0.0
2022-11-18,14110,0.0
2022-11-19,14110,0.0
2022-11-20,14110,0.0
2022-11-21,14110,0.0
2022-11-22,14114,21246.0
2022-11-23,14116,0.0
2022-11-24,14116,0.0
2022-11-25,14116,0.0
2022-11-26,14116,0.0
2022-11-27,14116,0.0
2022-11-28,14124,0.0
2022-11-29,14130,19102.0
2022-11-30,14137,0.0
2022-12-01,14137,0.0
2022-12-02,14137,0.0
2022-12-03,14137,0.0
2022-12-04,14137,0.0
2022-12-05,14138,0.0
2022-12-06,14142,18599.0
2022-12-07,14147,0.0
2022-12-08,14147,0.0
2022-12-09,14147,0.0
2022-12-10,14147,0.0
2022-12-11,14147,0.0
2022-12-12,14148,0.0
2022-12-13,14153,16429.0
2022-12-14,14156,0.0
2022-12-15,14157,0.0
2022-12-16,14157,0.0
2022-12-17,14157,0.0
2022-12-18,14157,0.0
2022-12-19,14158,0.0
2022-12-20,14160,13804.0
2022-12-21,14166,0.0
2022-12-22,14166,0.0
2022-12-23,14166,0.0
2022-12-24,14166,0.0
2022-12-25,14166,0.0
2022-12-26,14166,0.0
2022-12-27,14166,0.0
2022-12-28,14173,0.0
2022-12-29,14173,12701.0
2022-12-30,14173,0.0
2022-12-31,14173,0.0
2023-01-01,14174,0.0
2023-01-02,14174,0.0
2023-01-03,14182,0.0
2023-01-04,14190,0.0
2023-01-05,14190,4166.0
2023-01-06,14190,0.0
2023-01-07,14190,0.0
2023-01-08,14190,0.0
2023-01-09,14193,0.0
2023-01-10,14193,1298.0
2023-01-11,14201,0.0
2023-01-12,14201,0.0
2023-01-13,14234,0.0
2023-01-14,14234,0.0
2023-01-15,14234,0.0
2023-01-16,14234,0.0
2023-01-17,14237,1263.0
2023-01-18,14243,0.0
2023-01-19,14243,0.0
2023-01-20,14243,0.0
2023-01-21,14243,0.0
2023-01-22,14243,0.0
2023-01-23,14243,0.0
2023-01-24,14243,0.0
2023-01-25,14244,0.0
2023-01-26,14244,0.0
2023-01-27,14244,0.0
2023-01-28,14244,0.0
2023-01-29,14244,0.0
2023-01-30,14244,807.0
2023-01-31,14244,865.0
2023-02-01,14244,0.0
2023-02-02,14244,0.0
